"STATION","DATE","TMAX","TMIN"
"USW00004808","2004-01-01","43","23"
"USW00004808","2004-01-02","59","29"
"USW00004808","2004-01-03","48","29"
"USW00004808","2004-01-04","31","25"
"USW00004808","2004-01-05","25","0"
"USW00004808","2004-01-06","9","-6"
"USW00004808","2004-01-07","22","3"
"USW00004808","2004-01-08","29","15"
"USW00004808","2004-01-09","26","15"
"USW00004808","2004-01-10","26","10"
"USW00004808","2004-01-11","38","26"
"USW00004808","2004-01-12","37","30"
"USW00004808","2004-01-13","34","21"
"USW00004808","2004-01-14","35","16"
"USW00004808","2004-01-15","25","11"
"USW00004808","2004-01-16","30","24"
"USW00004808","2004-01-17","33","28"
"USW00004808","2004-01-18","29","5"
"USW00004808","2004-01-19","17","3"
"USW00004808","2004-01-20","18","7"
"USW00004808","2004-01-21","37","8"
"USW00004808","2004-01-22","17","3"
"USW00004808","2004-01-23","26","8"
"USW00004808","2004-01-24","22","10"
"USW00004808","2004-01-25","21","15"
"USW00004808","2004-01-26","23","20"
"USW00004808","2004-01-27","23","4"
"USW00004808","2004-01-28","10","0"
"USW00004808","2004-01-29","2","-8"
"USW00004808","2004-01-30","2","-14"
"USW00004808","2004-01-31","12","-10"
"USW00004808","2004-02-01","28","11"
"USW00004808","2004-02-02","32","24"
"USW00004808","2004-02-03","32","-3"
"USW00004808","2004-02-04","22","-8"
"USW00004808","2004-02-05","28","20"
"USW00004808","2004-02-06","28","24"
"USW00004808","2004-02-07","28","-2"
"USW00004808","2004-02-08","27","-5"
"USW00004808","2004-02-09","32","18"
"USW00004808","2004-02-10","27","3"
"USW00004808","2004-02-11","33","4"
"USW00004808","2004-02-12","25","4"
"USW00004808","2004-02-13","28","7"
"USW00004808","2004-02-14","31","13"
"USW00004808","2004-02-15","24","5"
"USW00004808","2004-02-16","23","0"
"USW00004808","2004-02-17","32","10"
"USW00004808","2004-02-18","42","6"
"USW00004808","2004-02-19","41","23"
"USW00004808","2004-02-20","43","33"
"USW00004808","2004-02-21","39","27"
"USW00004808","2004-02-22","43","24"
"USW00004808","2004-02-23","44","35"
"USW00004808","2004-02-24","38","31"
"USW00004808","2004-02-25","42","25"
"USW00004808","2004-02-26","45","26"
"USW00004808","2004-02-27","47","25"
"USW00004808","2004-02-28","54","28"
"USW00004808","2004-02-29","59","33"
"USW00004808","2004-03-01","61","44"
"USW00004808","2004-03-02","46","38"
"USW00004808","2004-03-03","45","36"
"USW00004808","2004-03-04","46","40"
"USW00004808","2004-03-05","60","37"
"USW00004808","2004-03-06","44","36"
"USW00004808","2004-03-07","44","32"
"USW00004808","2004-03-08","40","30"
"USW00004808","2004-03-09","42","27"
"USW00004808","2004-03-10","49","25"
"USW00004808","2004-03-11","43","18"
"USW00004808","2004-03-12","34","14"
"USW00004808","2004-03-13","47","16"
"USW00004808","2004-03-14","44","32"
"USW00004808","2004-03-15","38","25"
"USW00004808","2004-03-16","33","28"
"USW00004808","2004-03-17","39","28"
"USW00004808","2004-03-18","43","26"
"USW00004808","2004-03-19","53","23"
"USW00004808","2004-03-20","61","31"
"USW00004808","2004-03-21","37","20"
"USW00004808","2004-03-22","40","16"
"USW00004808","2004-03-23","61","30"
"USW00004808","2004-03-24","63","43"
"USW00004808","2004-03-25","61","54"
"USW00004808","2004-03-26","68","51"
"USW00004808","2004-03-27","66","46"
"USW00004808","2004-03-28","71","46"
"USW00004808","2004-03-29","60","41"
"USW00004808","2004-03-30","54","39"
"USW00004808","2004-03-31","51","36"
"USW00004808","2004-04-01","51","31"
"USW00004808","2004-04-02","57","29"
"USW00004808","2004-04-03","58","27"
"USW00004808","2004-04-04","51","28"
"USW00004808","2004-04-05","55","25"
"USW00004808","2004-04-06","72","37"
"USW00004808","2004-04-07","67","42"
"USW00004808","2004-04-08","56","32"
"USW00004808","2004-04-09","58","29"
"USW00004808","2004-04-10","57","30"
"USW00004808","2004-04-11","47","24"
"USW00004808","2004-04-12","45","26"
"USW00004808","2004-04-13","53","25"
"USW00004808","2004-04-14","68","25"
"USW00004808","2004-04-15","73","37"
"USW00004808","2004-04-16","83","54"
"USW00004808","2004-04-17","81","56"
"USW00004808","2004-04-18","84","54"
"USW00004808","2004-04-19","73","45"
"USW00004808","2004-04-20","64","41"
"USW00004808","2004-04-21","62","41"
"USW00004808","2004-04-22","55","37"
"USW00004808","2004-04-23","65","39"
"USW00004808","2004-04-24","56","37"
"USW00004808","2004-04-25","61","40"
"USW00004808","2004-04-26","59","37"
"USW00004808","2004-04-27","52","30"
"USW00004808","2004-04-28","81","45"
"USW00004808","2004-04-29","77","58"
"USW00004808","2004-04-30","60","44"
"USW00004808","2004-05-01","51","41"
"USW00004808","2004-05-02","54","32"
"USW00004808","2004-05-03","56","27"
"USW00004808","2004-05-04","68","45"
"USW00004808","2004-05-05","71","37"
"USW00004808","2004-05-06","86","52"
"USW00004808","2004-05-07","59","47"
"USW00004808","2004-05-08","85","47"
"USW00004808","2004-05-09","87","55"
"USW00004808","2004-05-10","83","56"
"USW00004808","2004-05-11","83","55"
"USW00004808","2004-05-12","85","65"
"USW00004808","2004-05-13","77","47"
"USW00004808","2004-05-14","67","50"
"USW00004808","2004-05-15","61","42"
"USW00004808","2004-05-16","69","38"
"USW00004808","2004-05-17","80","58"
"USW00004808","2004-05-18","67","49"
"USW00004808","2004-05-19","72","46"
"USW00004808","2004-05-20","84","66"
"USW00004808","2004-05-21","79","52"
"USW00004808","2004-05-22","77","61"
"USW00004808","2004-05-23","79","58"
"USW00004808","2004-05-24","67","49"
"USW00004808","2004-05-25","70","48"
"USW00004808","2004-05-26","66","48"
"USW00004808","2004-05-27","78","50"
"USW00004808","2004-05-28","68","46"
"USW00004808","2004-05-29","75","49"
"USW00004808","2004-05-30","75","63"
"USW00004808","2004-05-31","67","56"
"USW00004808","2004-06-01","75","54"
"USW00004808","2004-06-02","68","50"
"USW00004808","2004-06-03","72","47"
"USW00004808","2004-06-04","75","41"
"USW00004808","2004-06-05","78","46"
"USW00004808","2004-06-06","82","64"
"USW00004808","2004-06-07","88","60"
"USW00004808","2004-06-08","91","71"
"USW00004808","2004-06-09","85","69"
"USW00004808","2004-06-10","75","68"
"USW00004808","2004-06-11","84","67"
"USW00004808","2004-06-12","83","65"
"USW00004808","2004-06-13","80","66"
"USW00004808","2004-06-14","82","64"
"USW00004808","2004-06-15","81","58"
"USW00004808","2004-06-16","83","62"
"USW00004808","2004-06-17","81","66"
"USW00004808","2004-06-18","79","58"
"USW00004808","2004-06-19","66","49"
"USW00004808","2004-06-20","74","47"
"USW00004808","2004-06-21","69","57"
"USW00004808","2004-06-22","73","54"
"USW00004808","2004-06-23","81","53"
"USW00004808","2004-06-24","68","52"
"USW00004808","2004-06-25","70","50"
"USW00004808","2004-06-26","76","47"
"USW00004808","2004-06-27","78","50"
"USW00004808","2004-06-28","74","54"
"USW00004808","2004-06-29","80","50"
"USW00004808","2004-06-30","82","54"
"USW00004808","2004-07-01","85","55"
"USW00004808","2004-07-02","86","59"
"USW00004808","2004-07-03","83","67"
"USW00004808","2004-07-04","82","66"
"USW00004808","2004-07-05","82","62"
"USW00004808","2004-07-06","82","64"
"USW00004808","2004-07-07","70","59"
"USW00004808","2004-07-08","75","50"
"USW00004808","2004-07-09","77","56"
"USW00004808","2004-07-10","83","64"
"USW00004808","2004-07-11","86","61"
"USW00004808","2004-07-12","83","65"
"USW00004808","2004-07-13","86","62"
"USW00004808","2004-07-14","80","59"
"USW00004808","2004-07-15","82","56"
"USW00004808","2004-07-16","82","61"
"USW00004808","2004-07-17","78","60"
"USW00004808","2004-07-18","81","55"
"USW00004808","2004-07-19","80","69"
"USW00004808","2004-07-20","89","66"
"USW00004808","2004-07-21","86","71"
"USW00004808","2004-07-22","87","66"
"USW00004808","2004-07-23","74","50"
"USW00004808","2004-07-24","72","49"
"USW00004808","2004-07-25","75","55"
"USW00004808","2004-07-26","74","53"
"USW00004808","2004-07-27","82","51"
"USW00004808","2004-07-28","83","52"
"USW00004808","2004-07-29","83","58"
"USW00004808","2004-07-30","71","62"
"USW00004808","2004-07-31","82","59"
"USW00004808","2004-08-01","88","55"
"USW00004808","2004-08-02","85","63"
"USW00004808","2004-08-03","90","62"
"USW00004808","2004-08-04","75","58"
"USW00004808","2004-08-05","73","51"
"USW00004808","2004-08-06","76","47"
"USW00004808","2004-08-07","75","48"
"USW00004808","2004-08-08","80","54"
"USW00004808","2004-08-09","85","62"
"USW00004808","2004-08-10","65","56"
"USW00004808","2004-08-11","63","45"
"USW00004808","2004-08-12","63","45"
"USW00004808","2004-08-13","73","44"
"USW00004808","2004-08-14","73","44"
"USW00004808","2004-08-15","76","41"
"USW00004808","2004-08-16","78","45"
"USW00004808","2004-08-17","81","58"
"USW00004808","2004-08-18","75","59"
"USW00004808","2004-08-19","71","54"
"USW00004808","2004-08-20","74","53"
"USW00004808","2004-08-21","73","46"
"USW00004808","2004-08-22","82","45"
"USW00004808","2004-08-23","86","60"
"USW00004808","2004-08-24","81","64"
"USW00004808","2004-08-25","73","64"
"USW00004808","2004-08-26","82","66"
"USW00004808","2004-08-27","83","68"
"USW00004808","2004-08-28","74","57"
"USW00004808","2004-08-29","71","53"
"USW00004808","2004-08-30","76","48"
"USW00004808","2004-08-31","80","53"
"USW00004808","2004-09-01","81","55"
"USW00004808","2004-09-02","83","61"
"USW00004808","2004-09-03","82","57"
"USW00004808","2004-09-04","84","58"
"USW00004808","2004-09-05","84","66"
"USW00004808","2004-09-06","79","53"
"USW00004808","2004-09-07","72","50"
"USW00004808","2004-09-08","71","49"
"USW00004808","2004-09-09","75","49"
"USW00004808","2004-09-10","80","46"
"USW00004808","2004-09-11","82","51"
"USW00004808","2004-09-12","85","51"
"USW00004808","2004-09-13","86","54"
"USW00004808","2004-09-14","86","70"
"USW00004808","2004-09-15","85","66"
"USW00004808","2004-09-16","71","51"
"USW00004808","2004-09-17","72","46"
"USW00004808","2004-09-18","77","47"
"USW00004808","2004-09-19","79","53"
"USW00004808","2004-09-20","78","49"
"USW00004808","2004-09-21","83","46"
"USW00004808","2004-09-22","83","45"
"USW00004808","2004-09-23","85","52"
"USW00004808","2004-09-24","82","51"
"USW00004808","2004-09-25","74","44"
"USW00004808","2004-09-26","74","39"
"USW00004808","2004-09-27","77","38"
"USW00004808","2004-09-28","68","43"
"USW00004808","2004-09-29","69","37"
"USW00004808","2004-09-30","73","32"
"USW00004808","2004-10-01","75","42"
"USW00004808","2004-10-02","58","31"
"USW00004808","2004-10-03","69","30"
"USW00004808","2004-10-04","55","28"
"USW00004808","2004-10-05","60","24"
"USW00004808","2004-10-06","76","34"
"USW00004808","2004-10-07","78","41"
"USW00004808","2004-10-08","67","53"
"USW00004808","2004-10-09","69","43"
"USW00004808","2004-10-10","65","36"
"USW00004808","2004-10-11","64","42"
"USW00004808","2004-10-12","63","40"
"USW00004808","2004-10-13","62","44"
"USW00004808","2004-10-14","56","42"
"USW00004808","2004-10-15","54","8"
"USW00004808","2004-10-16","46","33"
"USW00004808","2004-10-17","55","27"
"USW00004808","2004-10-18","51","33"
"USW00004808","2004-10-19","54","48"
"USW00004808","2004-10-20","53","50"
"USW00004808","2004-10-21","62","43"
"USW00004808","2004-10-22","64","44"
"USW00004808","2004-10-23",,
"USW00004808","2004-10-24","66","39"
"USW00004808","2004-10-25","75","36"
"USW00004808","2004-10-26","63","51"
"USW00004808","2004-10-27","66","49"
"USW00004808","2004-10-28","61","42"
"USW00004808","2004-10-29","77","61"
"USW00004808","2004-10-30","70","45"
"USW00004808","2004-10-31","57","41"
"USW00004808","2004-11-01","49","46"
"USW00004808","2004-11-02","48","29"
"USW00004808","2004-11-03","54","29"
"USW00004808","2004-11-04","51","35"
"USW00004808","2004-11-05","53","28"
"USW00004808","2004-11-06","64","36"
"USW00004808","2004-11-07","57","27"
"USW00004808","2004-11-08","46","23"
"USW00004808","2004-11-09","53","31"
"USW00004808","2004-11-10","61","43"
"USW00004808","2004-11-11","50","28"
"USW00004808","2004-11-12","48","23"
"USW00004808","2004-11-13","48","21"
"USW00004808","2004-11-14","50","23"
"USW00004808","2004-11-15","49","25"
"USW00004808","2004-11-16","56","45"
"USW00004808","2004-11-17","68","14"
"USW00004808","2004-11-18","62","50"
"USW00004808","2004-11-19","55","49"
"USW00004808","2004-11-20","53","41"
"USW00004808","2004-11-21","44","30"
"USW00004808","2004-11-22","47","32"
"USW00004808","2004-11-23","51","37"
"USW00004808","2004-11-24","41","27"
"USW00004808","2004-11-25","30","8"
"USW00004808","2004-11-26","43","28"
"USW00004808","2004-11-27","47","36"
"USW00004808","2004-11-28","41","31"
"USW00004808","2004-11-29","37","32"
"USW00004808","2004-11-30","38","30"
"USW00004808","2004-12-01","30","16"
"USW00004808","2004-12-02","34","18"
"USW00004808","2004-12-03","35","12"
"USW00004808","2004-12-04","41","28"
"USW00004808","2004-12-05","47","25"
"USW00004808","2004-12-06","49","40"
"USW00004808","2004-12-07","49","39"
"USW00004808","2004-12-08","42","36"
"USW00004808","2004-12-09","47","33"
"USW00004808","2004-12-10","43","37"
"USW00004808","2004-12-11","37","32"
"USW00004808","2004-12-12","45","31"
"USW00004808","2004-12-13","31","17"
"USW00004808","2004-12-14","28","13"
"USW00004808","2004-12-15","38","30"
"USW00004808","2004-12-16","43","19"
"USW00004808","2004-12-17","33","12"
"USW00004808","2004-12-18","37","17"
"USW00004808","2004-12-19","17","2"
"USW00004808","2004-12-20","29","10"
"USW00004808","2004-12-21","32","12"
"USW00004808","2004-12-22","12","5"
"USW00004808","2004-12-23","17","2"
"USW00004808","2004-12-24","11","-6"
"USW00004808","2004-12-25","21","10"
"USW00004808","2004-12-26","22","2"
"USW00004808","2004-12-27","26","2"
"USW00004808","2004-12-28","43","22"
"USW00004808","2004-12-29","45","17"
"USW00004808","2004-12-30","56","32"
"USW00004808","2004-12-31","55","25"
"USW00004808","2005-01-01","42","23"
"USW00004808","2005-01-02","52","32"
"USW00004808","2005-01-03","34","31"
"USW00004808","2005-01-04","34","30"
"USW00004808","2005-01-05","30","26"
"USW00004808","2005-01-06","26","4"
"USW00004808","2005-01-07","26","1"
"USW00004808","2005-01-08","26","23"
"USW00004808","2005-01-09","34","26"
"USW00004808","2005-01-10","35","28"
"USW00004808","2005-01-11","36","32"
"USW00004808","2005-01-12","58","34"
"USW00004808","2005-01-13","37","12"
"USW00004808","2005-01-14","12","2"
"USW00004808","2005-01-15","10","2"
"USW00004808","2005-01-16","12","1"
"USW00004808","2005-01-17","8","-2"
"USW00004808","2005-01-18","24","-4"
"USW00004808","2005-01-19","35","23"
"USW00004808","2005-01-20","27","24"
"USW00004808","2005-01-21","24","16"
"USW00004808","2005-01-22","22","1"
"USW00004808","2005-01-23","19","-3"
"USW00004808","2005-01-24","30","11"
"USW00004808","2005-01-25","42","16"
"USW00004808","2005-01-26","34","12"
"USW00004808","2005-01-27","24","7"
"USW00004808","2005-01-28","27","7"
"USW00004808","2005-01-29","33","21"
"USW00004808","2005-01-30","38","22"
"USW00004808","2005-01-31","35","18"
"USW00004808","2005-02-01","33","22"
"USW00004808","2005-02-02","37","18"
"USW00004808","2005-02-03","45","15"
"USW00004808","2005-02-04","51","22"
"USW00004808","2005-02-05","54","28"
"USW00004808","2005-02-06","46","35"
"USW00004808","2005-02-07","45","33"
"USW00004808","2005-02-08","33","25"
"USW00004808","2005-02-09","28","20"
"USW00004808","2005-02-10","28","20"
"USW00004808","2005-02-11","40","21"
"USW00004808","2005-02-12","50","26"
"USW00004808","2005-02-13","44","33"
"USW00004808","2005-02-14","47","33"
"USW00004808","2005-02-15","42","32"
"USW00004808","2005-02-16","34","25"
"USW00004808","2005-02-17","27","16"
"USW00004808","2005-02-18","25","7"
"USW00004808","2005-02-19","39","19"
"USW00004808","2005-02-20","36","31"
"USW00004808","2005-02-21","37","32"
"USW00004808","2005-02-22","34","22"
"USW00004808","2005-02-23","34","18"
"USW00004808","2005-02-24","36","24"
"USW00004808","2005-02-25","41","29"
"USW00004808","2005-02-26","36","23"
"USW00004808","2005-02-27","37","26"
"USW00004808","2005-02-28","36","26"
"USW00004808","2005-03-01","26","10"
"USW00004808","2005-03-02",,
"USW00004808","2005-03-03","34","15"
"USW00004808","2005-03-04","45","20"
"USW00004808","2005-03-05","40","30"
"USW00004808","2005-03-06","64","33"
"USW00004808","2005-03-07","54","26"
"USW00004808","2005-03-08","30","17"
"USW00004808","2005-03-09","31","13"
"USW00004808","2005-03-10","37","19"
"USW00004808","2005-03-11","35","23"
"USW00004808","2005-03-12","34","16"
"USW00004808","2005-03-13","34","9"
"USW00004808","2005-03-14","37","20"
"USW00004808","2005-03-15","41","16"
"USW00004808","2005-03-16","49","22"
"USW00004808","2005-03-17","40","27"
"USW00004808","2005-03-18","54","31"
"USW00004808","2005-03-19","45","32"
"USW00004808","2005-03-20","40","22"
"USW00004808","2005-03-21","43","20"
"USW00004808","2005-03-22","44","26"
"USW00004808","2005-03-23","43","22"
"USW00004808","2005-03-24","47","19"
"USW00004808","2005-03-25","37","32"
"USW00004808","2005-03-26","47","30"
"USW00004808","2005-03-27","51","27"
"USW00004808","2005-03-28","64","26"
"USW00004808","2005-03-29","69","34"
"USW00004808","2005-03-30","76","51"
"USW00004808","2005-03-31","60","34"
"USW00004808","2005-04-01","56","31"
"USW00004808","2005-04-02","58","30"
"USW00004808","2005-04-03","65","25"
"USW00004808","2005-04-04","75","33"
"USW00004808","2005-04-05","76","46"
"USW00004808","2005-04-06","76","55"
"USW00004808","2005-04-07","59","36"
"USW00004808","2005-04-08","65","36"
"USW00004808","2005-04-09","70","36"
"USW00004808","2005-04-10","80","44"
"USW00004808","2005-04-11","77","55"
"USW00004808","2005-04-12","57","42"
"USW00004808","2005-04-13","58","36"
"USW00004808","2005-04-14","66","34"
"USW00004808","2005-04-15","67","32"
"USW00004808","2005-04-16","74","35"
"USW00004808","2005-04-17","76","51"
"USW00004808","2005-04-18","82","44"
"USW00004808","2005-04-19","80","54"
"USW00004808","2005-04-20","70","46"
"USW00004808","2005-04-21","61","45"
"USW00004808","2005-04-22","46","40"
"USW00004808","2005-04-23","44","28"
"USW00004808","2005-04-24","54","31"
"USW00004808","2005-04-25","66","30"
"USW00004808","2005-04-26","57","41"
"USW00004808","2005-04-27","57","36"
"USW00004808","2005-04-28","57","37"
"USW00004808","2005-04-29","55","37"
"USW00004808","2005-04-30","56","30"
"USW00004808","2005-05-01","49","27"
"USW00004808","2005-05-02","45","33"
"USW00004808","2005-05-03","54","21"
"USW00004808","2005-05-04","63","27"
"USW00004808","2005-05-05","70","32"
"USW00004808","2005-05-06","76","44"
"USW00004808","2005-05-07","72","50"
"USW00004808","2005-05-08","85","49"
"USW00004808","2005-05-09","76","60"
"USW00004808","2005-05-10","82","57"
"USW00004808","2005-05-11","65","45"
"USW00004808","2005-05-12","56","41"
"USW00004808","2005-05-13","71","48"
"USW00004808","2005-05-14","64","44"
"USW00004808","2005-05-15","56","37"
"USW00004808","2005-05-16","61","33"
"USW00004808","2005-05-17","74","46"
"USW00004808","2005-05-18","77","54"
"USW00004808","2005-05-19","76","55"
"USW00004808","2005-05-20","68","51"
"USW00004808","2005-05-21","71","46"
"USW00004808","2005-05-22","80","57"
"USW00004808","2005-05-23","72","52"
"USW00004808","2005-05-24","70","47"
"USW00004808","2005-05-25","69","47"
"USW00004808","2005-05-26","75","50"
"USW00004808","2005-05-27","71","44"
"USW00004808","2005-05-28","70","45"
"USW00004808","2005-05-29","69","42"
"USW00004808","2005-05-30","76","44"
"USW00004808","2005-05-31","77","44"
"USW00004808","2005-06-01","82","51"
"USW00004808","2005-06-02","81","57"
"USW00004808","2005-06-03","73","61"
"USW00004808","2005-06-04","86","59"
"USW00004808","2005-06-05","87","63"
"USW00004808","2005-06-06","90","63"
"USW00004808","2005-06-07","94","59"
"USW00004808","2005-06-08","93","64"
"USW00004808","2005-06-09","88","59"
"USW00004808","2005-06-10","88","70"
"USW00004808","2005-06-11","89","68"
"USW00004808","2005-06-12","80","69"
"USW00004808","2005-06-13","90","63"
"USW00004808","2005-06-14","78","67"
"USW00004808","2005-06-15","77","54"
"USW00004808","2005-06-16","79","47"
"USW00004808","2005-06-17","73","44"
"USW00004808","2005-06-18","75","45"
"USW00004808","2005-06-19","81","46"
"USW00004808","2005-06-20","87","50"
"USW00004808","2005-06-21","90","58"
"USW00004808","2005-06-22","87","56"
"USW00004808","2005-06-23","95","58"
"USW00004808","2005-06-24","97","71"
"USW00004808","2005-06-25","96","65"
"USW00004808","2005-06-26","96","69"
"USW00004808","2005-06-27","95","66"
"USW00004808","2005-06-28","91","68"
"USW00004808","2005-06-29","96","71"
"USW00004808","2005-06-30","91","69"
"USW00004808","2005-07-01","76","49"
"USW00004808","2005-07-02","80","44"
"USW00004808","2005-07-03","86","52"
"USW00004808","2005-07-04","82","60"
"USW00004808","2005-07-05","85","54"
"USW00004808","2005-07-06","84","59"
"USW00004808","2005-07-07","84","57"
"USW00004808","2005-07-08","89","49"
"USW00004808","2005-07-09","90","53"
"USW00004808","2005-07-10","93","54"
"USW00004808","2005-07-11","91","61"
"USW00004808","2005-07-12","84","71"
"USW00004808","2005-07-13","88","71"
"USW00004808","2005-07-14","93","67"
"USW00004808","2005-07-15","91","63"
"USW00004808","2005-07-16","94","63"
"USW00004808","2005-07-17","96","65"
"USW00004808","2005-07-18","90","64"
"USW00004808","2005-07-19","90","55"
"USW00004808","2005-07-20","90","60"
"USW00004808","2005-07-21","86","68"
"USW00004808","2005-07-22","88","61"
"USW00004808","2005-07-23","83","61"
"USW00004808","2005-07-24","100","75"
"USW00004808","2005-07-25","87","72"
"USW00004808","2005-07-26","84","64"
"USW00004808","2005-07-27","75","54"
"USW00004808","2005-07-28","78","50"
"USW00004808","2005-07-29",,
"USW00004808","2005-07-30","85","56"
"USW00004808","2005-07-31","86","63"
"USW00004808","2005-08-01","90","60"
"USW00004808","2005-08-02","91","63"
"USW00004808","2005-08-03","92","70"
"USW00004808","2005-08-04","88","71"
"USW00004808","2005-08-05","85","56"
"USW00004808","2005-08-06","86","51"
"USW00004808","2005-08-07","87","53"
"USW00004808","2005-08-08","91","54"
"USW00004808","2005-08-09","95","60"
"USW00004808","2005-08-10","89","68"
"USW00004808","2005-08-11","77","62"
"USW00004808","2005-08-12","82","69"
"USW00004808","2005-08-13","76","66"
"USW00004808","2005-08-14","77","59"
"USW00004808","2005-08-15","82","53"
"USW00004808","2005-08-16","84","57"
"USW00004808","2005-08-17","84","54"
"USW00004808","2005-08-18","83","69"
"USW00004808","2005-08-19","87","64"
"USW00004808","2005-08-20","85","60"
"USW00004808","2005-08-21","80","57"
"USW00004808","2005-08-22","73","51"
"USW00004808","2005-08-23","74","51"
"USW00004808","2005-08-24","78","49"
"USW00004808","2005-08-25","79","62"
"USW00004808","2005-08-26","82","63"
"USW00004808","2005-08-27","84","59"
"USW00004808","2005-08-28","85","55"
"USW00004808","2005-08-29","85","57"
"USW00004808","2005-08-30","82","54"
"USW00004808","2005-08-31","79","56"
"USW00004808","2005-09-01","84","56"
"USW00004808","2005-09-02","83","50"
"USW00004808","2005-09-03","83","46"
"USW00004808","2005-09-04","83","49"
"USW00004808","2005-09-05","88","54"
"USW00004808","2005-09-06","87","58"
"USW00004808","2005-09-07","90","62"
"USW00004808","2005-09-08","84","59"
"USW00004808","2005-09-09","89","54"
"USW00004808","2005-09-10","93","66"
"USW00004808","2005-09-11","91","67"
"USW00004808","2005-09-12","92","64"
"USW00004808","2005-09-13","95","66"
"USW00004808","2005-09-14","77","51"
"USW00004808","2005-09-15","69","48"
"USW00004808","2005-09-16","72","47"
"USW00004808","2005-09-17","78","45"
"USW00004808","2005-09-18","82","53"
"USW00004808","2005-09-19","84","58"
"USW00004808","2005-09-20","83","51"
"USW00004808","2005-09-21","88","52"
"USW00004808","2005-09-22","90","61"
"USW00004808","2005-09-23","68","57"
"USW00004808","2005-09-24","71","61"
"USW00004808","2005-09-25","70","66"
"USW00004808","2005-09-26","71","46"
"USW00004808","2005-09-27","76","41"
"USW00004808","2005-09-28","74","46"
"USW00004808","2005-09-29","62","39"
"USW00004808","2005-09-30","71","36"
"USW00004808","2005-10-01","80","47"
"USW00004808","2005-10-02","83","53"
"USW00004808","2005-10-03","86","67"
"USW00004808","2005-10-04","88","67"
"USW00004808","2005-10-05","85","61"
"USW00004808","2005-10-06","61","45"
"USW00004808","2005-10-07","54","40"
"USW00004808","2005-10-08","54","37"
"USW00004808","2005-10-09","62","41"
"USW00004808","2005-10-10","67","44"
"USW00004808","2005-10-11","64","54"
"USW00004808","2005-10-12","65","54"
"USW00004808","2005-10-13","73","44"
"USW00004808","2005-10-14","78","41"
"USW00004808","2005-10-15","69","35"
"USW00004808","2005-10-16","65","31"
"USW00004808","2005-10-17","77","37"
"USW00004808","2005-10-18","75","38"
"USW00004808","2005-10-19","60","45"
"USW00004808","2005-10-20","54","45"
"USW00004808","2005-10-21","61","40"
"USW00004808","2005-10-22","57","25"
"USW00004808","2005-10-23","47","24"
"USW00004808","2005-10-24","52","37"
"USW00004808","2005-10-25","53","33"
"USW00004808","2005-10-26","51","31"
"USW00004808","2005-10-27","54","26"
"USW00004808","2005-10-28","58","23"
"USW00004808","2005-10-29","62","23"
"USW00004808","2005-10-30","65","36"
"USW00004808","2005-10-31","55","45"
"USW00004808","2005-11-01","56","30"
"USW00004808","2005-11-02","68","24"
"USW00004808","2005-11-03","72","50"
"USW00004808","2005-11-04","70","38"
"USW00004808","2005-11-05","62","37"
"USW00004808","2005-11-06","52","38"
"USW00004808","2005-11-07","62","35"
"USW00004808","2005-11-08","64","47"
"USW00004808","2005-11-09","65","33"
"USW00004808","2005-11-10","48","24"
"USW00004808","2005-11-11","62","28"
"USW00004808","2005-11-12","63","37"
"USW00004808","2005-11-13","59","31"
"USW00004808","2005-11-14","48","27"
"USW00004808","2005-11-15","52","36"
"USW00004808","2005-11-16","36","18"
"USW00004808","2005-11-17","26","12"
"USW00004808","2005-11-18","39","21"
"USW00004808","2005-11-19","52","28"
"USW00004808","2005-11-20","43","30"
"USW00004808","2005-11-21","50","31"
"USW00004808","2005-11-22","39","24"
"USW00004808","2005-11-23","48","31"
"USW00004808","2005-11-24","39","13"
"USW00004808","2005-11-25","27","9"
"USW00004808","2005-11-26","48","21"
"USW00004808","2005-11-27","54","41"
"USW00004808","2005-11-28","59","36"
"USW00004808","2005-11-29","36","25"
"USW00004808","2005-11-30","26","20"
"USW00004808","2005-12-01","29","14"
"USW00004808","2005-12-02","20","8"
"USW00004808","2005-12-03","29","18"
"USW00004808","2005-12-04","26","2"
"USW00004808","2005-12-05","14","-3"
"USW00004808","2005-12-06","15","-4"
"USW00004808","2005-12-07","10","-10"
"USW00004808","2005-12-08","25","-4"
"USW00004808","2005-12-09","23","6"
"USW00004808","2005-12-10","33","9"
"USW00004808","2005-12-11","33","-4"
"USW00004808","2005-12-12","23","-7"
"USW00004808","2005-12-13","27","22"
"USW00004808","2005-12-14","34","27"
"USW00004808","2005-12-15","34","20"
"USW00004808","2005-12-16","22","12"
"USW00004808","2005-12-17","19","3"
"USW00004808","2005-12-18","12","-1"
"USW00004808","2005-12-19","7","-7"
"USW00004808","2005-12-20","11","-4"
"USW00004808","2005-12-21","16","-3"
"USW00004808","2005-12-22","37","-4"
"USW00004808","2005-12-23","42","34"
"USW00004808","2005-12-24","36","32"
"USW00004808","2005-12-25","35","33"
"USW00004808","2005-12-26","35","31"
"USW00004808","2005-12-27","44","32"
"USW00004808","2005-12-28","37","33"
"USW00004808","2005-12-29","36","32"
"USW00004808","2005-12-30","36","32"
"USW00004808","2005-12-31","36","31"
"USW00004808","2006-01-01","45","29"
"USW00004808","2006-01-02","43","40"
"USW00004808","2006-01-03","41","38"
"USW00004808","2006-01-04","42","34"
"USW00004808","2006-01-05","33","31"
"USW00004808","2006-01-06","31","28"
"USW00004808","2006-01-07","42","24"
"USW00004808","2006-01-08","46","31"
"USW00004808","2006-01-09","37","32"
"USW00004808","2006-01-10","37","20"
"USW00004808","2006-01-11","43","34"
"USW00004808","2006-01-12","56","33"
"USW00004808","2006-01-13","46","30"
"USW00004808","2006-01-14","36","25"
"USW00004808","2006-01-15","41","26"
"USW00004808","2006-01-16","45","29"
"USW00004808","2006-01-17","40","25"
"USW00004808","2006-01-18","34","19"
"USW00004808","2006-01-19","55","27"
"USW00004808","2006-01-20","40","29"
"USW00004808","2006-01-21","30","3"
"USW00004808","2006-01-22","28","19"
"USW00004808","2006-01-23","29","21"
"USW00004808","2006-01-24","37","29"
"USW00004808","2006-01-25","33","15"
"USW00004808","2006-01-26","39","13"
"USW00004808","2006-01-27","48","31"
"USW00004808","2006-01-28","48","33"
"USW00004808","2006-01-29","49","37"
"USW00004808","2006-01-30","37","31"
"USW00004808","2006-01-31","36","26"
"USW00004808","2006-02-01","45","25"
"USW00004808","2006-02-02","42","24"
"USW00004808","2006-02-03","44","27"
"USW00004808","2006-02-04","30","23"
"USW00004808","2006-02-05","35","19"
"USW00004808","2006-02-06","36","14"
"USW00004808","2006-02-07","33","25"
"USW00004808","2006-02-08","32","14"
"USW00004808","2006-02-09","31","6"
"USW00004808","2006-02-10","38","24"
"USW00004808","2006-02-11","38","23"
"USW00004808","2006-02-12","30","24"
"USW00004808","2006-02-13","40","14"
"USW00004808","2006-02-14","57","20"
"USW00004808","2006-02-15","41","29"
"USW00004808","2006-02-16","38","22"
"USW00004808","2006-02-17","24","1"
"USW00004808","2006-02-18","7","-8"
"USW00004808","2006-02-19","20","-1"
"USW00004808","2006-02-20","32","10"
"USW00004808","2006-02-21","37","11"
"USW00004808","2006-02-22","46","20"
"USW00004808","2006-02-23","43","17"
"USW00004808","2006-02-24","46","14"
"USW00004808","2006-02-25","38","16"
"USW00004808","2006-02-26","36","3"
"USW00004808","2006-02-27","46","25"
"USW00004808","2006-02-28","44","26"
"USW00004808","2006-03-01","51","30"
"USW00004808","2006-03-02","37","17"
"USW00004808","2006-03-03","38","13"
"USW00004808","2006-03-04","43","9"
"USW00004808","2006-03-05","32","24"
"USW00004808","2006-03-06","36","24"
"USW00004808","2006-03-07","41","14"
"USW00004808","2006-03-08","53","36"
"USW00004808","2006-03-09","56","38"
"USW00004808","2006-03-10","54","38"
"USW00004808","2006-03-11","66","44"
"USW00004808","2006-03-12","54","38"
"USW00004808","2006-03-13","61","28"
"USW00004808","2006-03-14","41","24"
"USW00004808","2006-03-15","41","20"
"USW00004808","2006-03-16","38","30"
"USW00004808","2006-03-17","41","21"
"USW00004808","2006-03-18","41","18"
"USW00004808","2006-03-19","47","18"
"USW00004808","2006-03-20","38","24"
"USW00004808","2006-03-21","34","18"
"USW00004808","2006-03-22","49","19"
"USW00004808","2006-03-23","44","22"
"USW00004808","2006-03-24","40","27"
"USW00004808","2006-03-25","43","25"
"USW00004808","2006-03-26","50","25"
"USW00004808","2006-03-27","49","23"
"USW00004808","2006-03-28","45","35"
"USW00004808","2006-03-29","49","30"
"USW00004808","2006-03-30","69","34"
"USW00004808","2006-03-31","66","44"
"USW00004808","2006-04-01","47","41"
"USW00004808","2006-04-02","60","40"
"USW00004808","2006-04-03","53","31"
"USW00004808","2006-04-04","55","29"
"USW00004808","2006-04-05","59","25"
"USW00004808","2006-04-06","54","41"
"USW00004808","2006-04-07","57","31"
"USW00004808","2006-04-08","50","24"
"USW00004808","2006-04-09","57","22"
"USW00004808","2006-04-10","71","33"
"USW00004808","2006-04-11","75","48"
"USW00004808","2006-04-12","77","47"
"USW00004808","2006-04-13","83","46"
"USW00004808","2006-04-14","77","54"
"USW00004808","2006-04-15","73","41"
"USW00004808","2006-04-16","66","47"
"USW00004808","2006-04-17","58","43"
"USW00004808","2006-04-18","69","36"
"USW00004808","2006-04-19","71","50"
"USW00004808","2006-04-20","74","41"
"USW00004808","2006-04-21","70","40"
"USW00004808","2006-04-22","67","40"
"USW00004808","2006-04-23","73","35"
"USW00004808","2006-04-24","73","34"
"USW00004808","2006-04-25","49","32"
"USW00004808","2006-04-26","63","25"
"USW00004808","2006-04-27","71","34"
"USW00004808","2006-04-28","72","34"
"USW00004808","2006-04-29","60","53"
"USW00004808","2006-04-30","58","54"
"USW00004808","2006-05-01","63","53"
"USW00004808","2006-05-02","71","51"
"USW00004808","2006-05-03","71","52"
"USW00004808","2006-05-04","67","49"
"USW00004808","2006-05-05","58","42"
"USW00004808","2006-05-06","63","33"
"USW00004808","2006-05-07","71","37"
"USW00004808","2006-05-08","74","48"
"USW00004808","2006-05-09","71","53"
"USW00004808","2006-05-10","72","48"
"USW00004808","2006-05-11","54","38"
"USW00004808","2006-05-12","45","38"
"USW00004808","2006-05-13","49","42"
"USW00004808","2006-05-14","55","42"
"USW00004808","2006-05-15","64","46"
"USW00004808","2006-05-16","67","45"
"USW00004808","2006-05-17","71","43"
"USW00004808","2006-05-18","62","42"
"USW00004808","2006-05-19","64","40"
"USW00004808","2006-05-20","73","36"
"USW00004808","2006-05-21","63","43"
"USW00004808","2006-05-22","68","36"
"USW00004808","2006-05-23","75","38"
"USW00004808","2006-05-24","80","50"
"USW00004808","2006-05-25","72","63"
"USW00004808","2006-05-26","81","63"
"USW00004808","2006-05-27","88","60"
"USW00004808","2006-05-28","93","71"
"USW00004808","2006-05-29","92","69"
"USW00004808","2006-05-30","90","68"
"USW00004808","2006-05-31","80","64"
"USW00004808","2006-06-01","75","58"
"USW00004808","2006-06-02","82","57"
"USW00004808","2006-06-03","77","51"
"USW00004808","2006-06-04","77","50"
"USW00004808","2006-06-05","82","45"
"USW00004808","2006-06-06","82","54"
"USW00004808","2006-06-07","85","57"
"USW00004808","2006-06-08","88","54"
"USW00004808","2006-06-09","70","50"
"USW00004808","2006-06-10","62","47"
"USW00004808","2006-06-11","67","48"
"USW00004808","2006-06-12","73","45"
"USW00004808","2006-06-13","78","47"
"USW00004808","2006-06-14","79","53"
"USW00004808","2006-06-15","86","57"
"USW00004808","2006-06-16","90","69"
"USW00004808","2006-06-17","91","69"
"USW00004808","2006-06-18","75","68"
"USW00004808","2006-06-19","85","58"
"USW00004808","2006-06-20","79","53"
"USW00004808","2006-06-21","86","69"
"USW00004808","2006-06-22","80","65"
"USW00004808","2006-06-23","76","55"
"USW00004808","2006-06-24","82","49"
"USW00004808","2006-06-25","76","61"
"USW00004808","2006-06-26","74","60"
"USW00004808","2006-06-27","79","58"
"USW00004808","2006-06-28","75","55"
"USW00004808","2006-06-29","78","50"
"USW00004808","2006-06-30","84","52"
"USW00004808","2006-07-01","89","61"
"USW00004808","2006-07-02","85","67"
"USW00004808","2006-07-03","82","66"
"USW00004808","2006-07-04","82","60"
"USW00004808","2006-07-05","77","55"
"USW00004808","2006-07-06","79","51"
"USW00004808","2006-07-07","81","49"
"USW00004808","2006-07-08","84","56"
"USW00004808","2006-07-09","88","71"
"USW00004808","2006-07-10","75","64"
"USW00004808","2006-07-11","77","64"
"USW00004808","2006-07-12","83","67"
"USW00004808","2006-07-13","86","62"
"USW00004808","2006-07-14","86","67"
"USW00004808","2006-07-15","93","66"
"USW00004808","2006-07-16","93","64"
"USW00004808","2006-07-17","95","72"
"USW00004808","2006-07-18","86","61"
"USW00004808","2006-07-19","88","61"
"USW00004808","2006-07-20","80","68"
"USW00004808","2006-07-21","76","59"
"USW00004808","2006-07-22","80","55"
"USW00004808","2006-07-23","82","56"
"USW00004808","2006-07-24","87","65"
"USW00004808","2006-07-25","90","70"
"USW00004808","2006-07-26","84","71"
"USW00004808","2006-07-27","85","69"
"USW00004808","2006-07-28","90","66"
"USW00004808","2006-07-29","93","66"
"USW00004808","2006-07-30","92","73"
"USW00004808","2006-07-31","99","73"
"USW00004808","2006-08-01","96","76"
"USW00004808","2006-08-02","97","75"
"USW00004808","2006-08-03","82","62"
"USW00004808","2006-08-04","87","60"
"USW00004808","2006-08-05","84","56"
"USW00004808","2006-08-06","83","66"
"USW00004808","2006-08-07","87","66"
"USW00004808","2006-08-08","79","62"
"USW00004808","2006-08-09","84","62"
"USW00004808","2006-08-10","77","68"
"USW00004808","2006-08-11","79","60"
"USW00004808","2006-08-12","82","56"
"USW00004808","2006-08-13","81","54"
"USW00004808","2006-08-14","82","56"
"USW00004808","2006-08-15","82","51"
"USW00004808","2006-08-16","84","52"
"USW00004808","2006-08-17","82","53"
"USW00004808","2006-08-18","79","67"
"USW00004808","2006-08-19","78","60"
"USW00004808","2006-08-20","79","54"
"USW00004808","2006-08-21","80","51"
"USW00004808","2006-08-22","85","54"
"USW00004808","2006-08-23","87","59"
"USW00004808","2006-08-24","85","67"
"USW00004808","2006-08-25","82","64"
"USW00004808","2006-08-26","78","68"
"USW00004808","2006-08-27","77","65"
"USW00004808","2006-08-28","71","61"
"USW00004808","2006-08-29","71","61"
"USW00004808","2006-08-30","77","60"
"USW00004808","2006-08-31","76","58"
"USW00004808","2006-09-01","77","57"
"USW00004808","2006-09-02","76","50"
"USW00004808","2006-09-03","78","50"
"USW00004808","2006-09-04","73","53"
"USW00004808","2006-09-05","74","51"
"USW00004808","2006-09-06","82","53"
"USW00004808","2006-09-07","81","54"
"USW00004808","2006-09-08","83","53"
"USW00004808","2006-09-09","75","55"
"USW00004808","2006-09-10","63","60"
"USW00004808","2006-09-11","69","59"
"USW00004808","2006-09-12","70","60"
"USW00004808","2006-09-13","64","57"
"USW00004808","2006-09-14","75","50"
"USW00004808","2006-09-15","77","50"
"USW00004808","2006-09-16","80","58"
"USW00004808","2006-09-17","84","59"
"USW00004808","2006-09-18","72","47"
"USW00004808","2006-09-19","56","44"
"USW00004808","2006-09-20","63","37"
"USW00004808","2006-09-21","68","37"
"USW00004808","2006-09-22","73","56"
"USW00004808","2006-09-23","69","54"
"USW00004808","2006-09-24","67","41"
"USW00004808","2006-09-25","72","39"
"USW00004808","2006-09-26","73","41"
"USW00004808","2006-09-27","67","42"
"USW00004808","2006-09-28","59","36"
"USW00004808","2006-09-29","61","34"
"USW00004808","2006-09-30","70","41"
"USW00004808","2006-10-01","79","38"
"USW00004808","2006-10-02","82","58"
"USW00004808","2006-10-03","86","54"
"USW00004808","2006-10-04","74","53"
"USW00004808","2006-10-05","61","40"
"USW00004808","2006-10-06","61","36"
"USW00004808","2006-10-07","68","36"
"USW00004808","2006-10-08","73","42"
"USW00004808","2006-10-09","70","42"
"USW00004808","2006-10-10","60","47"
"USW00004808","2006-10-11","53","33"
"USW00004808","2006-10-12","41","28"
"USW00004808","2006-10-13","51","30"
"USW00004808","2006-10-14","50","28"
"USW00004808","2006-10-15","52","24"
"USW00004808","2006-10-16","57","46"
"USW00004808","2006-10-17","59","49"
"USW00004808","2006-10-18","59","41"
"USW00004808","2006-10-19","43","36"
"USW00004808","2006-10-20","54","29"
"USW00004808","2006-10-21","59","44"
"USW00004808","2006-10-22","44","34"
"USW00004808","2006-10-23","42","29"
"USW00004808","2006-10-24","47","24"
"USW00004808","2006-10-25","51","23"
"USW00004808","2006-10-26","44","41"
"USW00004808","2006-10-27","45","32"
"USW00004808","2006-10-28","52","34"
"USW00004808","2006-10-29","55","26"
"USW00004808","2006-10-30","69","39"
"USW00004808","2006-10-31","61","26"
"USW00004808","2006-11-01","43","20"
"USW00004808","2006-11-02","35","15"
"USW00004808","2006-11-03","41","14"
"USW00004808","2006-11-04","46","27"
"USW00004808","2006-11-05","53","26"
"USW00004808","2006-11-06","53","37"
"USW00004808","2006-11-07","53","43"
"USW00004808","2006-11-08","65","41"
"USW00004808","2006-11-09","68","37"
"USW00004808","2006-11-10","47","36"
"USW00004808","2006-11-11","41","24"
"USW00004808","2006-11-12","45","22"
"USW00004808","2006-11-13","43","32"
"USW00004808","2006-11-14","45","36"
"USW00004808","2006-11-15","47","42"
"USW00004808","2006-11-16","43","36"
"USW00004808","2006-11-17","39","33"
"USW00004808","2006-11-18","45","28"
"USW00004808","2006-11-19","42","21"
"USW00004808","2006-11-20","45","20"
"USW00004808","2006-11-21","50","26"
"USW00004808","2006-11-22","52","30"
"USW00004808","2006-11-23","56","28"
"USW00004808","2006-11-24","61","26"
"USW00004808","2006-11-25","58","35"
"USW00004808","2006-11-26","63","42"
"USW00004808","2006-11-27","61","50"
"USW00004808","2006-11-28","61","53"
"USW00004808","2006-11-29","60","37"
"USW00004808","2006-11-30","37","24"
"USW00004808","2006-12-01","32","12"
"USW00004808","2006-12-02","26","0"
"USW00004808","2006-12-03","14","-3"
"USW00004808","2006-12-04","25","2"
"USW00004808","2006-12-05","32","-3"
"USW00004808","2006-12-06","34","18"
"USW00004808","2006-12-07","18","1"
"USW00004808","2006-12-08","19","-6"
"USW00004808","2006-12-09","34","18"
"USW00004808","2006-12-10","38","28"
"USW00004808","2006-12-11","42","35"
"USW00004808","2006-12-12","48","36"
"USW00004808","2006-12-13","44","29"
"USW00004808","2006-12-14","50","29"
"USW00004808","2006-12-15","42","28"
"USW00004808","2006-12-16","54","30"
"USW00004808","2006-12-17","52","38"
"USW00004808","2006-12-18","39","24"
"USW00004808","2006-12-19","41","19"
"USW00004808","2006-12-20","38","20"
"USW00004808","2006-12-21","50","37"
"USW00004808","2006-12-22","52","39"
"USW00004808","2006-12-23","41","33"
"USW00004808","2006-12-24","40","26"
"USW00004808","2006-12-25","37","29"
"USW00004808","2006-12-26","34","28"
"USW00004808","2006-12-27","37","28"
"USW00004808","2006-12-28","47","34"
"USW00004808","2006-12-29","49","39"
"USW00004808","2006-12-30","50","40"
"USW00004808","2006-12-31","55","41"
"USW00004808","2007-01-01","42","26"
"USW00004808","2007-01-02","41","21"
"USW00004808","2007-01-03","47","31"
"USW00004808","2007-01-04","50","36"
"USW00004808","2007-01-05","50","41"
"USW00004808","2007-01-06","42","28"
"USW00004808","2007-01-07","41","26"
"USW00004808","2007-01-08","38","26"
"USW00004808","2007-01-09","33","21"
"USW00004808","2007-01-10","35","16"
"USW00004808","2007-01-11","46","32"
"USW00004808","2007-01-12","47","32"
"USW00004808","2007-01-13","33","28"
"USW00004808","2007-01-14","33","30"
"USW00004808","2007-01-15","33","20"
"USW00004808","2007-01-16","18","2"
"USW00004808","2007-01-17","22","2"
"USW00004808","2007-01-18","30","22"
"USW00004808","2007-01-19","26","11"
"USW00004808","2007-01-20","25","3"
"USW00004808","2007-01-21","29","24"
"USW00004808","2007-01-22","28","22"
"USW00004808","2007-01-23","25","15"
"USW00004808","2007-01-24","25","19"
"USW00004808","2007-01-25","21","2"
"USW00004808","2007-01-26","43","18"
"USW00004808","2007-01-27","32","12"
"USW00004808","2007-01-28","21","6"
"USW00004808","2007-01-29","26","9"
"USW00004808","2007-01-30","16","4"
"USW00004808","2007-01-31","20","2"
"USW00004808","2007-02-01","24","8"
"USW00004808","2007-02-02","9","4"
"USW00004808","2007-02-03","11","-6"
"USW00004808","2007-02-04","4","-8"
"USW00004808","2007-02-05","3","-11"
"USW00004808","2007-02-06","9","-13"
"USW00004808","2007-02-07","5","-17"
"USW00004808","2007-02-08","5","-17"
"USW00004808","2007-02-09","11","-9"
"USW00004808","2007-02-10","8","-11"
"USW00004808","2007-02-11","27","6"
"USW00004808","2007-02-12","31","25"
"USW00004808","2007-02-13","28","12"
"USW00004808","2007-02-14","15","-8"
"USW00004808","2007-02-15","11","-9"
"USW00004808","2007-02-16","18","-7"
"USW00004808","2007-02-17","23","4"
"USW00004808","2007-02-18","19","2"
"USW00004808","2007-02-19","41","10"
"USW00004808","2007-02-20","43","24"
"USW00004808","2007-02-21","47","23"
"USW00004808","2007-02-22","37","24"
"USW00004808","2007-02-23","35","23"
"USW00004808","2007-02-24","34","26"
"USW00004808","2007-02-25","38","30"
"USW00004808","2007-02-26","33","29"
"USW00004808","2007-02-27","32","23"
"USW00004808","2007-02-28","35","23"
"USW00004808","2007-03-01","47","31"
"USW00004808","2007-03-02","31","24"
"USW00004808","2007-03-03","27","19"
"USW00004808","2007-03-04","31","14"
"USW00004808","2007-03-05","33","19"
"USW00004808","2007-03-06","24","15"
"USW00004808","2007-03-07","32","19"
"USW00004808","2007-03-08","39","16"
"USW00004808","2007-03-09","54","26"
"USW00004808","2007-03-10","50","27"
"USW00004808","2007-03-11","51","24"
"USW00004808","2007-03-12","63","36"
"USW00004808","2007-03-13","72","40"
"USW00004808","2007-03-14","60","35"
"USW00004808","2007-03-15","41","26"
"USW00004808","2007-03-16","39","22"
"USW00004808","2007-03-17","39","20"
"USW00004808","2007-03-18","45","20"
"USW00004808","2007-03-19","60","34"
"USW00004808","2007-03-20","47","30"
"USW00004808","2007-03-21","67","38"
"USW00004808","2007-03-22","63","46"
"USW00004808","2007-03-23","53","45"
"USW00004808","2007-03-24","64","53"
"USW00004808","2007-03-25","78","55"
"USW00004808","2007-03-26","77","61"
"USW00004808","2007-03-27","75","47"
"USW00004808","2007-03-28","54","46"
"USW00004808","2007-03-29","63","46"
"USW00004808","2007-03-30","58","44"
"USW00004808","2007-03-31","66","46"
"USW00004808","2007-04-01","59","44"
"USW00004808","2007-04-02","61","39"
"USW00004808","2007-04-03","69","33"
"USW00004808","2007-04-04","33","28"
"USW00004808","2007-04-05","40","23"
"USW00004808","2007-04-06","37","21"
"USW00004808","2007-04-07","32","21"
"USW00004808","2007-04-08","39","28"
"USW00004808","2007-04-09","43","28"
"USW00004808","2007-04-10","53","23"
"USW00004808","2007-04-11","40","33"
"USW00004808","2007-04-12","39","33"
"USW00004808","2007-04-13","51","29"
"USW00004808","2007-04-14","50","27"
"USW00004808","2007-04-15","59","27"
"USW00004808","2007-04-16","63","26"
"USW00004808","2007-04-17","74","34"
"USW00004808","2007-04-18","53","38"
"USW00004808","2007-04-19","60","35"
"USW00004808","2007-04-20","70","31"
"USW00004808","2007-04-21","76","38"
"USW00004808","2007-04-22","82","47"
"USW00004808","2007-04-23","71","53"
"USW00004808","2007-04-24","70","41"
"USW00004808","2007-04-25","51","47"
"USW00004808","2007-04-26","58","46"
"USW00004808","2007-04-27","57","41"
"USW00004808","2007-04-28","71","36"
"USW00004808","2007-04-29","82","40"
"USW00004808","2007-04-30","74","51"
"USW00004808","2007-05-01","83","46"
"USW00004808","2007-05-02","63","46"
"USW00004808","2007-05-03","70","49"
"USW00004808","2007-05-04","70","52"
"USW00004808","2007-05-05","70","54"
"USW00004808","2007-05-06","68","48"
"USW00004808","2007-05-07","85","48"
"USW00004808","2007-05-08","84","50"
"USW00004808","2007-05-09","82","53"
"USW00004808","2007-05-10","84","49"
"USW00004808","2007-05-11","76","50"
"USW00004808","2007-05-12","70","45"
"USW00004808","2007-05-13","71","41"
"USW00004808","2007-05-14","90","55"
"USW00004808","2007-05-15","81","55"
"USW00004808","2007-05-16","69","43"
"USW00004808","2007-05-17","64","36"
"USW00004808","2007-05-18","73","33"
"USW00004808","2007-05-19","81","49"
"USW00004808","2007-05-20","66","46"
"USW00004808","2007-05-21","86","44"
"USW00004808","2007-05-22","88","55"
"USW00004808","2007-05-23","90","69"
"USW00004808","2007-05-24","88","59"
"USW00004808","2007-05-25","75","53"
"USW00004808","2007-05-26","65","49"
"USW00004808","2007-05-27","73","53"
"USW00004808","2007-05-28","78","50"
"USW00004808","2007-05-29","89","60"
"USW00004808","2007-05-30","87","66"
"USW00004808","2007-05-31","78","64"
"USW00004808","2007-06-01","85","62"
"USW00004808","2007-06-02","79","64"
"USW00004808","2007-06-03","76","59"
"USW00004808","2007-06-04","70","58"
"USW00004808","2007-06-05","66","48"
"USW00004808","2007-06-06","72","43"
"USW00004808","2007-06-07","89","70"
"USW00004808","2007-06-08","79","50"
"USW00004808","2007-06-09","78","15"
"USW00004808","2007-06-10","80","0"
"USW00004808","2007-06-11","86","56"
"USW00004808","2007-06-12","85","60"
"USW00004808","2007-06-13","88","60"
"USW00004808","2007-06-14","91","61"
"USW00004808","2007-06-15","92","63"
"USW00004808","2007-06-16","92","61"
"USW00004808","2007-06-17","93","64"
"USW00004808","2007-06-18","88","67"
"USW00004808","2007-06-19","79","52"
"USW00004808","2007-06-20","84","50"
"USW00004808","2007-06-21","86","56"
"USW00004808","2007-06-22","77","55"
"USW00004808","2007-06-23","67","60"
"USW00004808","2007-06-24","79","64"
"USW00004808","2007-06-25","85","65"
"USW00004808","2007-06-26","88","67"
"USW00004808","2007-06-27","89","69"
"USW00004808","2007-06-28","74","54"
"USW00004808","2007-06-29","71","50"
"USW00004808","2007-06-30","79","49"
"USW00004808","2007-07-01","79","53"
"USW00004808","2007-07-02","78","51"
"USW00004808","2007-07-03","83","56"
"USW00004808","2007-07-04","84","67"
"USW00004808","2007-07-05","86","64"
"USW00004808","2007-07-06","85","58"
"USW00004808","2007-07-07","89","57"
"USW00004808","2007-07-08","92","72"
"USW00004808","2007-07-09","92","68"
"USW00004808","2007-07-10","87","62"
"USW00004808","2007-07-11","76","54"
"USW00004808","2007-07-12","79","51"
"USW00004808","2007-07-13","76","49"
"USW00004808","2007-07-14","83","58"
"USW00004808","2007-07-15","80","57"
"USW00004808","2007-07-16","81","58"
"USW00004808","2007-07-17","80","67"
"USW00004808","2007-07-18","85","67"
"USW00004808","2007-07-19","83","58"
"USW00004808","2007-07-20","76","53"
"USW00004808","2007-07-21","76","49"
"USW00004808","2007-07-22","78","51"
"USW00004808","2007-07-23","81","52"
"USW00004808","2007-07-24","82","55"
"USW00004808","2007-07-25","83","65"
"USW00004808","2007-07-26","79","65"
"USW00004808","2007-07-27","82","68"
"USW00004808","2007-07-28","80","63"
"USW00004808","2007-07-29","85","59"
"USW00004808","2007-07-30","85","55"
"USW00004808","2007-07-31","88","59"
"USW00004808","2007-08-01","88","63"
"USW00004808","2007-08-02","88","65"
"USW00004808","2007-08-03","86","61"
"USW00004808","2007-08-04","79","58"
"USW00004808","2007-08-05","87","68"
"USW00004808","2007-08-06","88","70"
"USW00004808","2007-08-07","90","72"
"USW00004808","2007-08-08","87","71"
"USW00004808","2007-08-09","83","71"
"USW00004808","2007-08-10","87","67"
"USW00004808","2007-08-11","86","62"
"USW00004808","2007-08-12","87","67"
"USW00004808","2007-08-13","85","62"
"USW00004808","2007-08-14","83","64"
"USW00004808","2007-08-15","83","69"
"USW00004808","2007-08-16","79","61"
"USW00004808","2007-08-17","77","56"
"USW00004808","2007-08-18","66","55"
"USW00004808","2007-08-19","71","61"
"USW00004808","2007-08-20","76","68"
"USW00004808","2007-08-21","85","69"
"USW00004808","2007-08-22","89","69"
"USW00004808","2007-08-24","87","69"
"USW00004808","2007-08-25","78","59"
"USW00004808","2007-08-26","79","54"
"USW00004808","2007-08-27","79","58"
"USW00004808","2007-08-28","90","64"
"USW00004808","2007-08-29","84","63"
"USW00004808","2007-08-30","76","52"
"USW00004808","2007-08-31","78","48"
"USW00004808","2007-09-01","81","50"
"USW00004808","2007-09-02","84","54"
"USW00004808","2007-09-03","86","55"
"USW00004808","2007-09-04","90","58"
"USW00004808","2007-09-05","90","62"
"USW00004808","2007-09-06","80","69"
"USW00004808","2007-09-07","84","63"
"USW00004808","2007-09-08","81","58"
"USW00004808","2007-09-09","81","56"
"USW00004808","2007-09-10","76","54"
"USW00004808","2007-09-11","70","43"
"USW00004808","2007-09-12","68","38"
"USW00004808","2007-09-13","79","42"
"USW00004808","2007-09-14","64","36"
"USW00004808","2007-09-15","61","32"
"USW00004808","2007-09-16","72","40"
"USW00004808","2007-09-17","86","48"
"USW00004808","2007-09-18","89","62"
"USW00004808","2007-09-19","84","57"
"USW00004808","2007-09-20","83","55"
"USW00004808","2007-09-21","88","61"
"USW00004808","2007-09-22","77","46"
"USW00004808","2007-09-23","86","44"
"USW00004808","2007-09-24","92","67"
"USW00004808","2007-09-25","85","61"
"USW00004808","2007-09-26","71","48"
"USW00004808","2007-09-27","77","43"
"USW00004808","2007-09-28","77","42"
"USW00004808","2007-09-29","83","44"
"USW00004808","2007-09-30","85","55"
"USW00004808","2007-10-01","72","58"
"USW00004808","2007-10-02","81","57"
"USW00004808","2007-10-03","75","48"
"USW00004808","2007-10-04","83","46"
"USW00004808","2007-10-05","86","63"
"USW00004808","2007-10-06","88","64"
"USW00004808","2007-10-07","89","64"
"USW00004808","2007-10-08","87","52"
"USW00004808","2007-10-09","77","46"
"USW00004808","2007-10-10","56","43"
"USW00004808","2007-10-11","57","41"
"USW00004808","2007-10-12","58","32"
"USW00004808","2007-10-13","58","39"
"USW00004808","2007-10-14","65","53"
"USW00004808","2007-10-15","76","50"
"USW00004808","2007-10-16","67","48"
"USW00004808","2007-10-17","73","44"
"USW00004808","2007-10-18","78","58"
"USW00004808","2007-10-19","60","52"
"USW00004808","2007-10-20","74","42"
"USW00004808","2007-10-21","80","56"
"USW00004808","2007-10-22","65","46"
"USW00004808","2007-10-23","57","38"
"USW00004808","2007-10-24","55","36"
"USW00004808","2007-10-25","56","41"
"USW00004808","2007-10-26","66","50"
"USW00004808","2007-10-27","56","30"
"USW00004808","2007-10-28","57","27"
"USW00004808","2007-10-29","60","34"
"USW00004808","2007-10-30","67","36"
"USW00004808","2007-10-31","62","33"
"USW00004808","2007-11-01","54","28"
"USW00004808","2007-11-02","57","23"
"USW00004808","2007-11-03","56","25"
"USW00004808","2007-11-04","55","34"
"USW00004808","2007-11-05","54","34"
"USW00004808","2007-11-06","46","30"
"USW00004808","2007-11-07","42","19"
"USW00004808","2007-11-08","51","32"
"USW00004808","2007-11-09","48","25"
"USW00004808","2007-11-10","50","20"
"USW00004808","2007-11-11","58","42"
"USW00004808","2007-11-12","65","37"
"USW00004808","2007-11-13","59","25"
"USW00004808","2007-11-14","53","38"
"USW00004808","2007-11-15","42","18"
"USW00004808","2007-11-16","42","16"
"USW00004808","2007-11-17","44","30"
"USW00004808","2007-11-18","46","30"
"USW00004808","2007-11-19","58","37"
"USW00004808","2007-11-20","52","45"
"USW00004808","2007-11-21","45","33"
"USW00004808","2007-11-22","33","20"
"USW00004808","2007-11-23","32","17"
"USW00004808","2007-11-24","38","26"
"USW00004808","2007-11-25","37","26"
"USW00004808","2007-11-26","38","26"
"USW00004808","2007-11-27","34","19"
"USW00004808","2007-11-28","46","23"
"USW00004808","2007-11-29","34","18"
"USW00004808","2007-11-30","34","12"
"USW00004808","2007-12-01","34","15"
"USW00004808","2007-12-02","38","24"
"USW00004808","2007-12-03","29","17"
"USW00004808","2007-12-04","35","19"
"USW00004808","2007-12-05","29","-7"
"USW00004808","2007-12-06","24","-10"
"USW00004808","2007-12-07","30","19"
"USW00004808","2007-12-08","22","7"
"USW00004808","2007-12-09","28","21"
"USW00004808","2007-12-10","31","25"
"USW00004808","2007-12-11","33","30"
"USW00004808","2007-12-12","31","20"
"USW00004808","2007-12-13","32","25"
"USW00004808","2007-12-14","26","11"
"USW00004808","2007-12-15","30","22"
"USW00004808","2007-12-16","28","16"
"USW00004808","2007-12-17","23","15"
"USW00004808","2007-12-18","36","15"
"USW00004808","2007-12-19","27","13"
"USW00004808","2007-12-20","38","22"
"USW00004808","2007-12-21","37","34"
"USW00004808","2007-12-22","49","36"
"USW00004808","2007-12-23","51","13"
"USW00004808","2007-12-24","26","21"
"USW00004808","2007-12-25","41","19"
"USW00004808","2007-12-26","44","22"
"USW00004808","2007-12-27","35","30"
"USW00004808","2007-12-28","34","25"
"USW00004808","2007-12-29","27","16"
"USW00004808","2007-12-30","33","11"
"USW00004808","2007-12-31","32","21"
"USW00004808","2008-01-01","25","1"
"USW00004808","2008-01-02","14","-7"
"USW00004808","2008-01-03","23","-10"
"USW00004808","2008-01-04","36","21"
"USW00004808","2008-01-05","40","35"
"USW00004808","2008-01-06","60","38"
"USW00004808","2008-01-07","64","45"
"USW00004808","2008-01-08","55","36"
"USW00004808","2008-01-09","37","29"
"USW00004808","2008-01-10","44","31"
"USW00004808","2008-01-11","35","26"
"USW00004808","2008-01-12","42","22"
"USW00004808","2008-01-13","34","26"
"USW00004808","2008-01-14","26","13"
"USW00004808","2008-01-15","26","10"
"USW00004808","2008-01-16","39","18"
"USW00004808","2008-01-17","33","11"
"USW00004808","2008-01-18","26","2"
"USW00004808","2008-01-19","2","-6"
"USW00004808","2008-01-20","8","-8"
"USW00004808","2008-01-21","28","7"
"USW00004808","2008-01-22","30","6"
"USW00004808","2008-01-23","14","-7"
"USW00004808","2008-01-24","0","-17"
"USW00004808","2008-01-25","20","-20"
"USW00004808","2008-01-26","31","5"
"USW00004808","2008-01-27","31","-2"
"USW00004808","2008-01-28","43","21"
"USW00004808","2008-01-29","49","0"
"USW00004808","2008-01-30","13","-1"
"USW00004808","2008-01-31","26","11"
"USW00004808","2008-02-01","30","23"
"USW00004808","2008-02-02","30","25"
"USW00004808","2008-02-03","31","24"
"USW00004808","2008-02-04","42","31"
"USW00004808","2008-02-05","36","33"
"USW00004808","2008-02-06","34","23"
"USW00004808","2008-02-07","26","24"
"USW00004808","2008-02-08","37","24"
"USW00004808","2008-02-09","35","12"
"USW00004808","2008-02-10","12","-5"
"USW00004808","2008-02-11","14","-4"
"USW00004808","2008-02-12","21","11"
"USW00004808","2008-02-14","35","14"
"USW00004808","2008-02-15","24","5"
"USW00004808","2008-02-16","34","2"
"USW00004808","2008-02-17","44","31"
"USW00004808","2008-02-18","32","6"
"USW00004808","2008-02-19","14","2"
"USW00004808","2008-02-20","14","3"
"USW00004808","2008-02-21","22","4"
"USW00004808","2008-02-22","29","19"
"USW00004808","2008-02-23","28","16"
"USW00004808","2008-02-24","36","14"
"USW00004808","2008-02-25","33","32"
"USW00004808","2008-02-26","33","19"
"USW00004808","2008-02-27","21","5"
"USW00004808","2008-02-28","24","1"
"USW00004808","2008-02-29","36","23"
"USW00004808","2008-03-01","34","18"
"USW00004808","2008-03-02","53","33"
"USW00004808","2008-03-03","50","23"
"USW00004808","2008-03-04","32","20"
"USW00004808","2008-03-05","34","18"
"USW00004808","2008-03-06","31","18"
"USW00004808","2008-03-07","28","12"
"USW00004808","2008-03-08","24","11"
"USW00004808","2008-03-09","38","22"
"USW00004808","2008-03-10","33","21"
"USW00004808","2008-03-11","47","18"
"USW00004808","2008-03-12","50","24"
"USW00004808","2008-03-13","56","33"
"USW00004808","2008-03-14","55","25"
"USW00004808","2008-03-15","41","25"
"USW00004808","2008-03-16","41","23"
"USW00004808","2008-03-17","40","29"
"USW00004808","2008-03-18","41","37"
"USW00004808","2008-03-19","47","27"
"USW00004808","2008-03-20","50","25"
"USW00004808","2008-03-21","35","31"
"USW00004808","2008-03-22","40","25"
"USW00004808","2008-03-23","41","23"
"USW00004808","2008-03-24","39","26"
"USW00004808","2008-03-25","59","30"
"USW00004808","2008-03-26","52","24"
"USW00004808","2008-03-27","43","31"
"USW00004808","2008-03-28","41","23"
"USW00004808","2008-03-29","48","19"
"USW00004808","2008-03-30","43","36"
"USW00004808","2008-03-31","61","40"
"USW00004808","2008-04-01","49","27"
"USW00004808","2008-04-02","51","24"
"USW00004808","2008-04-03","56","28"
"USW00004808","2008-04-04","55","37"
"USW00004808","2008-04-05","64","30"
"USW00004808","2008-04-06","65","37"
"USW00004808","2008-04-07","54","36"
"USW00004808","2008-04-08","47","39"
"USW00004808","2008-04-09","50","37"
"USW00004808","2008-04-10","58","38"
"USW00004808","2008-04-11","61","40"
"USW00004808","2008-04-12","40","33"
"USW00004808","2008-04-13","44","30"
"USW00004808","2008-04-14","52","26"
"USW00004808","2008-04-15","60","25"
"USW00004808","2008-04-16","72","41"
"USW00004808","2008-04-17","75","49"
"USW00004808","2008-04-18","73","51"
"USW00004808","2008-04-19","65","49"
"USW00004808","2008-04-20","74","43"
"USW00004808","2008-04-21","76","43"
"USW00004808","2008-04-22","74","49"
"USW00004808","2008-04-23","76","54"
"USW00004808","2008-04-24","75","55"
"USW00004808","2008-04-25","77","42"
"USW00004808","2008-04-26","57","38"
"USW00004808","2008-04-27","53","34"
"USW00004808","2008-04-28","41","33"
"USW00004808","2008-04-29","46","28"
"USW00004808","2008-04-30","63","30"
"USW00004808","2008-05-01","73","44"
"USW00004808","2008-05-02","73","51"
"USW00004808","2008-05-03","54","39"
"USW00004808","2008-05-04","67","31"
"USW00004808","2008-05-05","76","44"
"USW00004808","2008-05-06","82","44"
"USW00004808","2008-05-07","69","50"
"USW00004808","2008-05-08","62","42"
"USW00004808","2008-05-09","59","37"
"USW00004808","2008-05-10","66","36"
"USW00004808","2008-05-11","59","43"
"USW00004808","2008-05-12","62","36"
"USW00004808","2008-05-13","71","43"
"USW00004808","2008-05-14","66","45"
"USW00004808","2008-05-15","60","38"
"USW00004808","2008-05-16","74","33"
"USW00004808","2008-05-17","74","48"
"USW00004808","2008-05-18","61","38"
"USW00004808","2008-05-19","64","35"
"USW00004808","2008-05-20","67","40"
"USW00004808","2008-05-21","67","36"
"USW00004808","2008-05-22","65","41"
"USW00004808","2008-05-23","58","44"
"USW00004808","2008-05-24","71","42"
"USW00004808","2008-05-25","78","45"
"USW00004808","2008-05-26","81","53"
"USW00004808","2008-05-27","56","42"
"USW00004808","2008-05-28","65","39"
"USW00004808","2008-05-29","68","40"
"USW00004808","2008-05-30","77","56"
"USW00004808","2008-05-31","79","57"
"USW00004808","2008-06-01","82","51"
"USW00004808","2008-06-02","86","54"
"USW00004808","2008-06-03","75","60"
"USW00004808","2008-06-04","80","60"
"USW00004808","2008-06-05","89","70"
"USW00004808","2008-06-06","89","72"
"USW00004808","2008-06-07","88","68"
"USW00004808","2008-06-08","87","67"
"USW00004808","2008-06-09","73","66"
"USW00004808","2008-06-10","80","56"
"USW00004808","2008-06-11","85","60"
"USW00004808","2008-06-12","92","68"
"USW00004808","2008-06-13","78","59"
"USW00004808","2008-06-14","84","56"
"USW00004808","2008-06-15","81","60"
"USW00004808","2008-06-16","73","53"
"USW00004808","2008-06-17","76","48"
"USW00004808","2008-06-18","78","53"
"USW00004808","2008-06-19","80","49"
"USW00004808","2008-06-20","84","54"
"USW00004808","2008-06-21","82","56"
"USW00004808","2008-06-22","82","52"
"USW00004808","2008-06-23","78","52"
"USW00004808","2008-06-24","82","52"
"USW00004808","2008-06-25","80","67"
"USW00004808","2008-06-26","85","68"
"USW00004808","2008-06-27","82","63"
"USW00004808","2008-06-28","82","64"
"USW00004808","2008-06-29","75","59"
"USW00004808","2008-06-30","80","54"
"USW00004808","2008-07-01","83","50"
"USW00004808","2008-07-02","87","63"
"USW00004808","2008-07-03","75","50"
"USW00004808","2008-07-04","78","47"
"USW00004808","2008-07-05","82","48"
"USW00004808","2008-07-06","87","54"
"USW00004808","2008-07-07","88","70"
"USW00004808","2008-07-08","84","69"
"USW00004808","2008-07-09","83","59"
"USW00004808","2008-07-10","83","62"
"USW00004808","2008-07-11","88","60"
"USW00004808","2008-07-12","80","63"
"USW00004808","2008-07-13","78","58"
"USW00004808","2008-07-14","82","54"
"USW00004808","2008-07-15","88","58"
"USW00004808","2008-07-16","89","66"
"USW00004808","2008-07-17","88","71"
"USW00004808","2008-07-18","86","67"
"USW00004808","2008-07-19","80","66"
"USW00004808","2008-07-20","84","66"
"USW00004808","2008-07-21","82","66"
"USW00004808","2008-07-22","79","56"
"USW00004808","2008-07-23","81","54"
"USW00004808","2008-07-24","80","53"
"USW00004808","2008-07-25","80","61"
"USW00004808","2008-07-26","82","57"
"USW00004808","2008-07-27","82","54"
"USW00004808","2008-07-28","88","63"
"USW00004808","2008-07-29","86","61"
"USW00004808","2008-07-30","87","68"
"USW00004808","2008-07-31","86","68"
"USW00004808","2008-08-01","87","67"
"USW00004808","2008-08-02","82","59"
"USW00004808","2008-08-03","81","54"
"USW00004808","2008-08-04","87","69"
"USW00004808","2008-08-05","85","65"
"USW00004808","2008-08-06","81","60"
"USW00004808","2008-08-07","78","57"
"USW00004808","2008-08-08","77","54"
"USW00004808","2008-08-09","77","58"
"USW00004808","2008-08-10","74","53"
"USW00004808","2008-08-11","78","50"
"USW00004808","2008-08-12","78","58"
"USW00004808","2008-08-13","79","57"
"USW00004808","2008-08-14","81","55"
"USW00004808","2008-08-15","79","53"
"USW00004808","2008-08-16","81","50"
"USW00004808","2008-08-17","83","54"
"USW00004808","2008-08-18","83","58"
"USW00004808","2008-08-19","85","57"
"USW00004808","2008-08-20","85","60"
"USW00004808","2008-08-21","80","64"
"USW00004808","2008-08-22","82","70"
"USW00004808","2008-08-23","84","60"
"USW00004808","2008-08-24","78","54"
"USW00004808","2008-08-25","75","54"
"USW00004808","2008-08-26","78","51"
"USW00004808","2008-08-27","84","52"
"USW00004808","2008-08-28","78","57"
"USW00004808","2008-08-29","82","53"
"USW00004808","2008-08-30","84","50"
"USW00004808","2008-08-31","89","53"
"USW00004808","2008-09-01","90","56"
"USW00004808","2008-09-02","92","59"
"USW00004808","2008-09-03","72","63"
"USW00004808","2008-09-04","64","59"
"USW00004808","2008-09-05","69","52"
"USW00004808","2008-09-06","72","49"
"USW00004808","2008-09-07","73","50"
"USW00004808","2008-09-08","65","48"
"USW00004808","2008-09-09","67","43"
"USW00004808","2008-09-10","72","41"
"USW00004808","2008-09-11","75","51"
"USW00004808","2008-09-12","73","68"
"USW00004808","2008-09-13","75","68"
"USW00004808","2008-09-14","71","57"
"USW00004808","2008-09-15","64","48"
"USW00004808","2008-09-16","71","45"
"USW00004808","2008-09-17","81","50"
"USW00004808","2008-09-18","76","53"
"USW00004808","2008-09-19","78","53"
"USW00004808","2008-09-20","83","53"
"USW00004808","2008-09-21","82","52"
"USW00004808","2008-09-22","82","56"
"USW00004808","2008-09-23","83","56"
"USW00004808","2008-09-24","82","54"
"USW00004808","2008-09-25","80","57"
"USW00004808","2008-09-26","80","51"
"USW00004808","2008-09-27","81","46"
"USW00004808","2008-09-28","71","52"
"USW00004808","2008-09-29","64","49"
"USW00004808","2008-09-30","61","44"
"USW00004808","2008-10-01","61","41"
"USW00004808","2008-10-02","63","35"
"USW00004808","2008-10-03","64","40"
"USW00004808","2008-10-04","62","33"
"USW00004808","2008-10-05","62","37"
"USW00004808","2008-10-06","69","53"
"USW00004808","2008-10-07","63","56"
"USW00004808","2008-10-08","65","44"
"USW00004808","2008-10-09","69","40"
"USW00004808","2008-10-10","73","38"
"USW00004808","2008-10-11","80","47"
"USW00004808","2008-10-12","84","53"
"USW00004808","2008-10-13","76","60"
"USW00004808","2008-10-14","67","52"
"USW00004808","2008-10-15","60","42"
"USW00004808","2008-10-16","58","35"
"USW00004808","2008-10-17","55","33"
"USW00004808","2008-10-18","60","34"
"USW00004808","2008-10-19","63","38"
"USW00004808","2008-10-20","55","37"
"USW00004808","2008-10-21","55","31"
"USW00004808","2008-10-22","53","33"
"USW00004808","2008-10-23","57","36"
"USW00004808","2008-10-24","54","43"
"USW00004808","2008-10-25","54","42"
"USW00004808","2008-10-26","54","35"
"USW00004808","2008-10-27","46","28"
"USW00004808","2008-10-28","45","24"
"USW00004808","2008-10-29","52","24"
"USW00004808","2008-10-30","64","26"
"USW00004808","2008-10-31","70","38"
"USW00004808","2008-11-01","57","45"
"USW00004808","2008-11-02","71","46"
"USW00004808","2008-11-03","72","52"
"USW00004808","2008-11-04","72","44"
"USW00004808","2008-11-05","71","44"
"USW00004808","2008-11-06","61","44"
"USW00004808","2008-11-07","46","34"
"USW00004808","2008-11-08","38","35"
"USW00004808","2008-11-09","36","28"
"USW00004808","2008-11-10","37","19"
"USW00004808","2008-11-11","38","20"
"USW00004808","2008-11-12","48","38"
"USW00004808","2008-11-13","56","42"
"USW00004808","2008-11-14","52","40"
"USW00004808","2008-11-15","41","33"
"USW00004808","2008-11-16","38","26"
"USW00004808","2008-11-17","36","24"
"USW00004808","2008-11-18","33","18"
"USW00004808","2008-11-19","45","28"
"USW00004808","2008-11-20","35","20"
"USW00004808","2008-11-21","29","11"
"USW00004808","2008-11-22","34","11"
"USW00004808","2008-11-23","45","20"
"USW00004808","2008-11-24","40","28"
"USW00004808","2008-11-25","39","23"
"USW00004808","2008-11-26","41","15"
"USW00004808","2008-11-27","43","17"
"USW00004808","2008-11-28","43","19"
"USW00004808","2008-11-29","44","16"
"USW00004808","2008-11-30","37","32"
"USW00004808","2008-12-01","32","22"
"USW00004808","2008-12-02","32","20"
"USW00004808","2008-12-03","37","16"
"USW00004808","2008-12-04","20","6"
"USW00004808","2008-12-05","23","2"
"USW00004808","2008-12-06","32","6"
"USW00004808","2008-12-07","19","-6"
"USW00004808","2008-12-08","37","13"
"USW00004808","2008-12-09","37","23"
"USW00004808","2008-12-10","23","10"
"USW00004808","2008-12-11","29","8"
"USW00004808","2008-12-12","20","8"
"USW00004808","2008-12-13","38","19"
"USW00004808","2008-12-14","47","23"
"USW00004808","2008-12-15","23","4"
"USW00004808","2008-12-16","19","4"
"USW00004808","2008-12-17","18","-2"
"USW00004808","2008-12-18","21","-6"
"USW00004808","2008-12-19","30","21"
"USW00004808","2008-12-20","29","6"
"USW00004808","2008-12-21","6","-8"
"USW00004808","2008-12-22","7","-8"
"USW00004808","2008-12-23","33","7"
"USW00004808","2008-12-24","33","1"
"USW00004808","2008-12-25","25","-10"
"USW00004808","2008-12-26","48","25"
"USW00004808","2008-12-27","57","30"
"USW00004808","2008-12-28","32","24"
"USW00004808","2008-12-29","41","27"
"USW00004808","2008-12-30","40","21"
"USW00004808","2008-12-31","21","11"
"USW00004808","2009-01-01","31","17"
"USW00004808","2009-01-02","28","15"
"USW00004808","2009-01-03","37","16"
"USW00004808","2009-01-04","37","15"
"USW00004808","2009-01-05","28","9"
"USW00004808","2009-01-06","31","15"
"USW00004808","2009-01-07","28","10"
"USW00004808","2009-01-08","19","3"
"USW00004808","2009-01-09","29","3"
"USW00004808","2009-01-10","28","16"
"USW00004808","2009-01-11","19","11"
"USW00004808","2009-01-12","29","-2"
"USW00004808","2009-01-13","29","-13"
"USW00004808","2009-01-14","11","-15"
"USW00004808","2009-01-15","-10","-24"
"USW00004808","2009-01-16","-1","-33"
"USW00004808","2009-01-17","24","-1"
"USW00004808","2009-01-18","18","-6"
"USW00004808","2009-01-19","17","-3"
"USW00004808","2009-01-20","16","-1"
"USW00004808","2009-01-21","27","7"
"USW00004808","2009-01-22","32","3"
"USW00004808","2009-01-23","27","10"
"USW00004808","2009-01-24","12","-14"
"USW00004808","2009-01-25","9","-11"
"USW00004808","2009-01-26","12","-7"
"USW00004808","2009-01-27","17","-5"
"USW00004808","2009-01-28","13","-3"
"USW00004808","2009-01-29","28","6"
"USW00004808","2009-01-30","16","-8"
"USW00004808","2009-01-31","37","-5"
"USW00004808","2009-02-01","35","18"
"USW00004808","2009-02-02","25","6"
"USW00004808","2009-02-03","15","-6"
"USW00004808","2009-02-04","12","-13"
"USW00004808","2009-02-05","26","-11"
"USW00004808","2009-02-06","40","5"
"USW00004808","2009-02-07","54","34"
"USW00004808","2009-02-08","38","30"
"USW00004808","2009-02-09","53","29"
"USW00004808","2009-02-10","60","37"
"USW00004808","2009-02-11","49","35"
"USW00004808","2009-02-12","38","29"
"USW00004808","2009-02-13","35","24"
"USW00004808","2009-02-14","32","20"
"USW00004808","2009-02-15","28","15"
"USW00004808","2009-02-16","32","12"
"USW00004808","2009-02-17","41","24"
"USW00004808","2009-02-18","37","18"
"USW00004808","2009-02-19","23","11"
"USW00004808","2009-02-20","28","9"
"USW00004808","2009-02-21","28","16"
"USW00004808","2009-02-22","21","-2"
"USW00004808","2009-02-23","23","-2"
"USW00004808","2009-02-24","39","14"
"USW00004808","2009-02-25","53","29"
"USW00004808","2009-02-26","51","30"
"USW00004808","2009-02-27","38","20"
"USW00004808","2009-02-28","28","20"
"USW00004808","2009-03-01","24","13"
"USW00004808","2009-03-02","24","10"
"USW00004808","2009-03-03","30","9"
"USW00004808","2009-03-04","45","28"
"USW00004808","2009-03-05","63","34"
"USW00004808","2009-03-06","63","33"
"USW00004808","2009-03-07","47","36"
"USW00004808","2009-03-08","50","32"
"USW00004808","2009-03-09","42","32"
"USW00004808","2009-03-10","61","30"
"USW00004808","2009-03-11","30","16"
"USW00004808","2009-03-12","28","13"
"USW00004808","2009-03-13","38","15"
"USW00004808","2009-03-14","49","20"
"USW00004808","2009-03-15","59","25"
"USW00004808","2009-03-16","64","38"
"USW00004808","2009-03-17","73","38"
"USW00004808","2009-03-18","57","30"
"USW00004808","2009-03-19","50","25"
"USW00004808","2009-03-20","45","18"
"USW00004808","2009-03-21","61","37"
"USW00004808","2009-03-22","64","31"
"USW00004808","2009-03-23","56","43"
"USW00004808","2009-03-24","68","47"
"USW00004808","2009-03-25","48","35"
"USW00004808","2009-03-26","57","33"
"USW00004808","2009-03-27","43","30"
"USW00004808","2009-03-28","38","30"
"USW00004808","2009-03-29","40","29"
"USW00004808","2009-03-30","51","23"
"USW00004808","2009-03-31","52","37"
"USW00004808","2009-04-01","53","35"
"USW00004808","2009-04-02","52","32"
"USW00004808","2009-04-03","51","28"
"USW00004808","2009-04-04","54","25"
"USW00004808","2009-04-05","47","32"
"USW00004808","2009-04-06","44","29"
"USW00004808","2009-04-07","49","28"
"USW00004808","2009-04-08","54","25"
"USW00004808","2009-04-09","57","24"
"USW00004808","2009-04-10","52","34"
"USW00004808","2009-04-11","53","25"
"USW00004808","2009-04-12","56","26"
"USW00004808","2009-04-13","45","36"
"USW00004808","2009-04-14","47","31"
"USW00004808","2009-04-15","60","31"
"USW00004808","2009-04-16","67","34"
"USW00004808","2009-04-17","70","28"
"USW00004808","2009-04-18","73","39"
"USW00004808","2009-04-19","58","46"
"USW00004808","2009-04-20","54","35"
"USW00004808","2009-04-21","45","34"
"USW00004808","2009-04-22","62","31"
"USW00004808","2009-04-23","66","35"
"USW00004808","2009-04-24","82","44"
"USW00004808","2009-04-25","75","44"
"USW00004808","2009-04-26","79","44"
"USW00004808","2009-04-27","70","56"
"USW00004808","2009-04-28","56","43"
"USW00004808","2009-04-29","57","46"
"USW00004808","2009-04-30","65","54"
"USW00004808","2009-05-01","60","41"
"USW00004808","2009-05-02","65","41"
"USW00004808","2009-05-03","69","37"
"USW00004808","2009-05-04","72","42"
"USW00004808","2009-05-05","71","48"
"USW00004808","2009-05-06","74","52"
"USW00004808","2009-05-07","76","53"
"USW00004808","2009-05-08","73","47"
"USW00004808","2009-05-09","63","40"
"USW00004808","2009-05-10","67","37"
"USW00004808","2009-05-11","64","36"
"USW00004808","2009-05-12","70","37"
"USW00004808","2009-05-13","70","52"
"USW00004808","2009-05-14","66","49"
"USW00004808","2009-05-15","59","49"
"USW00004808","2009-05-16","60","37"
"USW00004808","2009-05-17","62","33"
"USW00004808","2009-05-18","66","35"
"USW00004808","2009-05-19","80","46"
"USW00004808","2009-05-20","83","51"
"USW00004808","2009-05-21","84","57"
"USW00004808","2009-05-22","73","53"
"USW00004808","2009-05-23","84","50"
"USW00004808","2009-05-24","77","55"
"USW00004808","2009-05-25","67","55"
"USW00004808","2009-05-26","79","57"
"USW00004808","2009-05-27","69","55"
"USW00004808","2009-05-28","66","53"
"USW00004808","2009-05-29","75","49"
"USW00004808","2009-05-30","79","47"
"USW00004808","2009-05-31","75","41"
"USW00004808","2009-06-01","79","54"
"USW00004808","2009-06-02","65","50"
"USW00004808","2009-06-03","63","40"
"USW00004808","2009-06-04","71","39"
"USW00004808","2009-06-05","81","43"
"USW00004808","2009-06-06","68","51"
"USW00004808","2009-06-07","76","56"
"USW00004808","2009-06-08","80","57"
"USW00004808","2009-06-09","69","56"
"USW00004808","2009-06-10","73","55"
"USW00004808","2009-06-11","70","52"
"USW00004808","2009-06-12","76","49"
"USW00004808","2009-06-13","70","53"
"USW00004808","2009-06-14","78","51"
"USW00004808","2009-06-15","82","50"
"USW00004808","2009-06-16","73","61"
"USW00004808","2009-06-17","79","62"
"USW00004808","2009-06-18","79","62"
"USW00004808","2009-06-19","88","67"
"USW00004808","2009-06-20","86","67"
"USW00004808","2009-06-21","85","67"
"USW00004808","2009-06-22","90","70"
"USW00004808","2009-06-23","94","70"
"USW00004808","2009-06-24","93","70"
"USW00004808","2009-06-25","94","70"
"USW00004808","2009-06-26","90","64"
"USW00004808","2009-06-27","91","59"
"USW00004808","2009-06-28","83","62"
"USW00004808","2009-06-29","78","60"
"USW00004808","2009-06-30","67","54"
"USW00004808","2009-07-01","65","53"
"USW00004808","2009-07-02","73","51"
"USW00004808","2009-07-03","80","60"
"USW00004808","2009-07-04","67","60"
"USW00004808","2009-07-05","81","55"
"USW00004808","2009-07-06","84","54"
"USW00004808","2009-07-07","80","56"
"USW00004808","2009-07-08","66","60"
"USW00004808","2009-07-09","79","60"
"USW00004808","2009-07-10","80","61"
"USW00004808","2009-07-11","82","58"
"USW00004808","2009-07-12","76","50"
"USW00004808","2009-07-13","80","55"
"USW00004808","2009-07-14","80","51"
"USW00004808","2009-07-15","85","63"
"USW00004808","2009-07-16","81","56"
"USW00004808","2009-07-17","69","50"
"USW00004808","2009-07-18","71","55"
"USW00004808","2009-07-19","73","50"
"USW00004808","2009-07-20","79","51"
"USW00004808","2009-07-21","79","57"
"USW00004808","2009-07-22","80","57"
"USW00004808","2009-07-23","80","55"
"USW00004808","2009-07-24","82","53"
"USW00004808","2009-07-25","79","62"
"USW00004808","2009-07-26","80","57"
"USW00004808","2009-07-27","83","57"
"USW00004808","2009-07-28","82","62"
"USW00004808","2009-07-29","78","53"
"USW00004808","2009-07-30","79","53"
"USW00004808","2009-07-31","80","49"
"USW00004808","2009-08-01","71","52"
"USW00004808","2009-08-02","77","48"
"USW00004808","2009-08-03","83","62"
"USW00004808","2009-08-04","85","60"
"USW00004808","2009-08-05","78","54"
"USW00004808","2009-08-06","80","51"
"USW00004808","2009-08-07","68","56"
"USW00004808","2009-08-08","88","67"
"USW00004808","2009-08-09","90","71"
"USW00004808","2009-08-10","82","63"
"USW00004808","2009-08-11","83","55"
"USW00004808","2009-08-12","83","53"
"USW00004808","2009-08-13","84","55"
"USW00004808","2009-08-14","85","56"
"USW00004808","2009-08-15","87","63"
"USW00004808","2009-08-16","82","67"
"USW00004808","2009-08-17","81","68"
"USW00004808","2009-08-18","81","55"
"USW00004808","2009-08-19","80","54"
"USW00004808","2009-08-20","77","62"
"USW00004808","2009-08-21","72","58"
"USW00004808","2009-08-22","71","53"
"USW00004808","2009-08-23","74","50"
"USW00004808","2009-08-24","77","49"
"USW00004808","2009-08-25","80","55"
"USW00004808","2009-08-26","71","62"
"USW00004808","2009-08-27","67","61"
"USW00004808","2009-08-28","70","55"
"USW00004808","2009-08-29","66","54"
"USW00004808","2009-08-30","67","43"
"USW00004808","2009-08-31","68","40"
"USW00004808","2009-09-01","73","41"
"USW00004808","2009-09-02","75","44"
"USW00004808","2009-09-03","77","49"
"USW00004808","2009-09-04","76","51"
"USW00004808","2009-09-05","80","49"
"USW00004808","2009-09-06","79","62"
"USW00004808","2009-09-07","78","52"
"USW00004808","2009-09-08","79","50"
"USW00004808","2009-09-09","78","55"
"USW00004808","2009-09-10","82","58"
"USW00004808","2009-09-11","81","56"
"USW00004808","2009-09-12","79","50"
"USW00004808","2009-09-13","80","51"
"USW00004808","2009-09-14","82","48"
"USW00004808","2009-09-15","83","53"
"USW00004808","2009-09-16","73","52"
"USW00004808","2009-09-17","73","44"
"USW00004808","2009-09-18","78","41"
"USW00004808","2009-09-19","77","52"
"USW00004808","2009-09-20","75","48"
"USW00004808","2009-09-21","69","58"
"USW00004808","2009-09-22","77","57"
"USW00004808","2009-09-23","75","54"
"USW00004808","2009-09-24","73","58"
"USW00004808","2009-09-25","70","60"
"USW00004808","2009-09-26","69","49"
"USW00004808","2009-09-27","73","48"
"USW00004808","2009-09-28","62","49"
"USW00004808","2009-09-29","61","45"
"USW00004808","2009-09-30","62","41"
"USW00004808","2009-10-01","57","37"
"USW00004808","2009-10-02","55","46"
"USW00004808","2009-10-03","57","47"
"USW00004808","2009-10-04","60","35"
"USW00004808","2009-10-05","62","34"
"USW00004808","2009-10-06","61","48"
"USW00004808","2009-10-07","60","42"
"USW00004808","2009-10-08","53","39"
"USW00004808","2009-10-09","50","32"
"USW00004808","2009-10-10","47","24"
"USW00004808","2009-10-11","43","24"
"USW00004808","2009-10-12","47","38"
"USW00004808","2009-10-13","48","30"
"USW00004808","2009-10-14","47","40"
"USW00004808","2009-10-15","43","40"
"USW00004808","2009-10-16","46","38"
"USW00004808","2009-10-17","52","27"
"USW00004808","2009-10-18","54","25"
"USW00004808","2009-10-19","64","37"
"USW00004808","2009-10-20","63","44"
"USW00004808","2009-10-21","70","52"
"USW00004808","2009-10-22","58","48"
"USW00004808","2009-10-23","57","40"
"USW00004808","2009-10-24","50","37"
"USW00004808","2009-10-25","61","42"
"USW00004808","2009-10-26","53","47"
"USW00004808","2009-10-27","53","38"
"USW00004808","2009-10-28","57","47"
"USW00004808","2009-10-29","60","49"
"USW00004808","2009-10-30","66","44"
"USW00004808","2009-10-31","47","29"
"USW00004808","2009-11-01","53","28"
"USW00004808","2009-11-02","58","32"
"USW00004808","2009-11-03","48","24"
"USW00004808","2009-11-04","54","39"
"USW00004808","2009-11-05","54","29"
"USW00004808","2009-11-06","63","30"
"USW00004808","2009-11-07","71","40"
"USW00004808","2009-11-08","70","39"
"USW00004808","2009-11-09","63","48"
"USW00004808","2009-11-10","55","30"
"USW00004808","2009-11-11","55","27"
"USW00004808","2009-11-12","54","22"
"USW00004808","2009-11-13","54","30"
"USW00004808","2009-11-14","62","40"
"USW00004808","2009-11-15","51","39"
"USW00004808","2009-11-16","48","43"
"USW00004808","2009-11-17","46","42"
"USW00004808","2009-11-18","48","43"
"USW00004808","2009-11-19","48","38"
"USW00004808","2009-11-20","52","34"
"USW00004808","2009-11-21","53","27"
"USW00004808","2009-11-22","57","30"
"USW00004808","2009-11-23","47","34"
"USW00004808","2009-11-24","50","31"
"USW00004808","2009-11-25","48","35"
"USW00004808","2009-11-26","41","32"
"USW00004808","2009-11-27","40","26"
"USW00004808","2009-11-28","53","28"
"USW00004808","2009-11-29","44","30"
"USW00004808","2009-11-30","41","25"
"USW00004808","2009-12-01","55","27"
"USW00004808","2009-12-02","44","30"
"USW00004808","2009-12-03","34","25"
"USW00004808","2009-12-04","28","22"
"USW00004808","2009-12-05","34","22"
"USW00004808","2009-12-06","36","20"
"USW00004808","2009-12-07","32","26"
"USW00004808","2009-12-08","34","26"
"USW00004808","2009-12-09","34","6"
"USW00004808","2009-12-10","11","-1"
"USW00004808","2009-12-11","20","0"
"USW00004808","2009-12-12","36","9"
"USW00004808","2009-12-13","35","32"
"USW00004808","2009-12-14","36","27"
"USW00004808","2009-12-15","27","4"
"USW00004808","2009-12-16","21","3"
"USW00004808","2009-12-17","34","15"
"USW00004808","2009-12-18","36","30"
"USW00004808","2009-12-19","31","28"
"USW00004808","2009-12-20","29","20"
"USW00004808","2009-12-21","28","24"
"USW00004808","2009-12-22","32","27"
"USW00004808","2009-12-23","33","31"
"USW00004808","2009-12-24","36","32"
"USW00004808","2009-12-25","42","18"
"USW00004808","2009-12-26","25","17"
"USW00004808","2009-12-27","20","10"
"USW00004808","2009-12-28","28","0"
"USW00004808","2009-12-29","18","-5"
"USW00004808","2009-12-30","30","12"
"USW00004808","2009-12-31","31","4"
"USW00004808","2010-01-01","11","-1"
"USW00004808","2010-01-02","6","-12"
"USW00004808","2010-01-03","12","-7"
"USW00004808","2010-01-04","16","-1"
"USW00004808","2010-01-05","16","3"
"USW00004808","2010-01-06","18","-3"
"USW00004808","2010-01-07","23","14"
"USW00004808","2010-01-08","25","5"
"USW00004808","2010-01-09","13","-7"
"USW00004808","2010-01-10","17","-14"
"USW00004808","2010-01-11","24","9"
"USW00004808","2010-01-12","25","14"
"USW00004808","2010-01-13","32","10"
"USW00004808","2010-01-14","38","26"
"USW00004808","2010-01-15","33","25"
"USW00004808","2010-01-16","26","22"
"USW00004808","2010-01-17","30","19"
"USW00004808","2010-01-18","30","26"
"USW00004808","2010-01-19","31","15"
"USW00004808","2010-01-20","32","18"
"USW00004808","2010-01-21","34","30"
"USW00004808","2010-01-22","34","33"
"USW00004808","2010-01-23","43","34"
"USW00004808","2010-01-24","43","31"
"USW00004808","2010-01-25","31","18"
"USW00004808","2010-01-26","23","12"
"USW00004808","2010-01-27","23","9"
"USW00004808","2010-01-28","15","1"
"USW00004808","2010-01-29","19","0"
"USW00004808","2010-01-30","26","9"
"USW00004808","2010-01-31","27","10"
"USW00004808","2010-02-01","31","11"
"USW00004808","2010-02-02","31","22"
"USW00004808","2010-02-03","28","13"
"USW00004808","2010-02-04","32","14"
"USW00004808","2010-02-05","35","31"
"USW00004808","2010-02-06","32","25"
"USW00004808","2010-02-07","33","21"
"USW00004808","2010-02-08","30","21"
"USW00004808","2010-02-09","28","23"
"USW00004808","2010-02-10","26","5"
"USW00004808","2010-02-11","22","-2"
"USW00004808","2010-02-12","27","2"
"USW00004808","2010-02-13","25","1"
"USW00004808","2010-02-14","25","0"
"USW00004808","2010-02-15","28","1"
"USW00004808","2010-02-16","30","23"
"USW00004808","2010-02-17","32","27"
"USW00004808","2010-02-18","36","18"
"USW00004808","2010-02-19","37","14"
"USW00004808","2010-02-20","40","29"
"USW00004808","2010-02-21","37","32"
"USW00004808","2010-02-22","34","31"
"USW00004808","2010-02-23","31","21"
"USW00004808","2010-02-24","25","20"
"USW00004808","2010-02-25","27","14"
"USW00004808","2010-02-26","28","12"
"USW00004808","2010-02-27","32","25"
"USW00004808","2010-02-28","37","30"
"USW00004808","2010-03-01","36","27"
"USW00004808","2010-03-02","37","24"
"USW00004808","2010-03-03","38","24"
"USW00004808","2010-03-04","43","23"
"USW00004808","2010-03-05","43","21"
"USW00004808","2010-03-06","46","20"
"USW00004808","2010-03-07","39","26"
"USW00004808","2010-03-08","44","29"
"USW00004808","2010-03-09","54","29"
"USW00004808","2010-03-10","62","44"
"USW00004808","2010-03-11","61","46"
"USW00004808","2010-03-12","52","34"
"USW00004808","2010-03-13","48","43"
"USW00004808","2010-03-14","51","41"
"USW00004808","2010-03-15","49","31"
"USW00004808","2010-03-16","62","30"
"USW00004808","2010-03-17","62","29"
"USW00004808","2010-03-18","60","31"
"USW00004808","2010-03-19","63","40"
"USW00004808","2010-03-20","40","31"
"USW00004808","2010-03-21","45","32"
"USW00004808","2010-03-22","53","30"
"USW00004808","2010-03-23","60","24"
"USW00004808","2010-03-24","56","37"
"USW00004808","2010-03-25","47","26"
"USW00004808","2010-03-26","45","24"
"USW00004808","2010-03-27","51","29"
"USW00004808","2010-03-28","56","36"
"USW00004808","2010-03-29","53","26"
"USW00004808","2010-03-30","65","29"
"USW00004808","2010-03-31","78","47"
"USW00004808","2010-04-01","82","47"
"USW00004808","2010-04-02","79","55"
"USW00004808","2010-04-03","58","45"
"USW00004808","2010-04-04","75","38"
"USW00004808","2010-04-05","70","45"
"USW00004808","2010-04-06","76","50"
"USW00004808","2010-04-07","59","39"
"USW00004808","2010-04-08","41","29"
"USW00004808","2010-04-09","56","27"
"USW00004808","2010-04-10","74","37"
"USW00004808","2010-04-11","64","45"
"USW00004808","2010-04-12","72","44"
"USW00004808","2010-04-13","71","48"
"USW00004808","2010-04-14","82","45"
"USW00004808","2010-04-15","81","55"
"USW00004808","2010-04-16","67","38"
"USW00004808","2010-04-17","61","29"
"USW00004808","2010-04-18","59","26"
"USW00004808","2010-04-19","60","32"
"USW00004808","2010-04-20","66","31"
"USW00004808","2010-04-21","71","35"
"USW00004808","2010-04-22","68","35"
"USW00004808","2010-04-23","61","40"
"USW00004808","2010-04-24","64","55"
"USW00004808","2010-04-25","63","49"
"USW00004808","2010-04-26","64","44"
"USW00004808","2010-04-27","56","34"
"USW00004808","2010-04-28","64","28"
"USW00004808","2010-04-29","79","46"
"USW00004808","2010-04-30","80","60"
"USW00004808","2010-05-01","68","56"
"USW00004808","2010-05-02","69","50"
"USW00004808","2010-05-03","71","46"
"USW00004808","2010-05-04","79","44"
"USW00004808","2010-05-05","72","51"
"USW00004808","2010-05-06","68","37"
"USW00004808","2010-05-07","61","45"
"USW00004808","2010-05-08","51","37"
"USW00004808","2010-05-09","58","32"
"USW00004808","2010-05-10","59","37"
"USW00004808","2010-05-11","59","44"
"USW00004808","2010-05-12","53","45"
"USW00004808","2010-05-13","73","49"
"USW00004808","2010-05-14","65","45"
"USW00004808","2010-05-15","65","43"
"USW00004808","2010-05-16","69","41"
"USW00004808","2010-05-17","60","49"
"USW00004808","2010-05-18","70","47"
"USW00004808","2010-05-19","76","43"
"USW00004808","2010-05-20","74","46"
"USW00004808","2010-05-21","72","56"
"USW00004808","2010-05-22","77","55"
"USW00004808","2010-05-23","90","63"
"USW00004808","2010-05-24","91","69"
"USW00004808","2010-05-25","88","65"
"USW00004808","2010-05-26","88","62"
"USW00004808","2010-05-27","81","56"
"USW00004808","2010-05-28","82","54"
"USW00004808","2010-05-29","87","60"
"USW00004808","2010-05-30","91","62"
"USW00004808","2010-05-31","81","64"
"USW00004808","2010-06-01","85","62"
"USW00004808","2010-06-02","78","59"
"USW00004808","2010-06-03","77","56"
"USW00004808","2010-06-04","81","55"
"USW00004808","2010-06-05","80","60"
"USW00004808","2010-06-06","76","55"
"USW00004808","2010-06-07","75","51"
"USW00004808","2010-06-08","68","58"
"USW00004808","2010-06-09","82","57"
"USW00004808","2010-06-10","79","52"
"USW00004808","2010-06-11","89","63"
"USW00004808","2010-06-12","80","63"
"USW00004808","2010-06-13","75","62"
"USW00004808","2010-06-14","75","60"
"USW00004808","2010-06-15","77","60"
"USW00004808","2010-06-16","80","61"
"USW00004808","2010-06-17","84","60"
"USW00004808","2010-06-18","89","66"
"USW00004808","2010-06-19","83","63"
"USW00004808","2010-06-20","82","60"
"USW00004808","2010-06-21","84","64"
"USW00004808","2010-06-22","84","65"
"USW00004808","2010-06-23","86","68"
"USW00004808","2010-06-24","81","60"
"USW00004808","2010-06-25","83","58"
"USW00004808","2010-06-26","86","69"
"USW00004808","2010-06-27","83","72"
"USW00004808","2010-06-28","80","62"
"USW00004808","2010-06-29","76","56"
"USW00004808","2010-06-30","76","51"
"USW00004808","2010-07-01","78","48"
"USW00004808","2010-07-02","82","52"
"USW00004808","2010-07-03","85","55"
"USW00004808","2010-07-04","90","63"
"USW00004808","2010-07-05","89","73"
"USW00004808","2010-07-06","89","71"
"USW00004808","2010-07-07","90","69"
"USW00004808","2010-07-08","85","72"
"USW00004808","2010-07-09","84","64"
"USW00004808","2010-07-10","86","63"
"USW00004808","2010-07-11","82","63"
"USW00004808","2010-07-12","82","63"
"USW00004808","2010-07-13","85","69"
"USW00004808","2010-07-14","90","65"
"USW00004808","2010-07-15","87","63"
"USW00004808","2010-07-16","88","60"
"USW00004808","2010-07-17","90","63"
"USW00004808","2010-07-18","90","66"
"USW00004808","2010-07-19","81","62"
"USW00004808","2010-07-20","88","65"
"USW00004808","2010-07-21","88","65"
"USW00004808","2010-07-22","90","65"
"USW00004808","2010-07-23","92","71"
"USW00004808","2010-07-24","85","69"
"USW00004808","2010-07-25","82","60"
"USW00004808","2010-07-26","83","57"
"USW00004808","2010-07-27","87","65"
"USW00004808","2010-07-28","89","66"
"USW00004808","2010-07-29","83","61"
"USW00004808","2010-07-30","78","66"
"USW00004808","2010-07-31","77","62"
"USW00004808","2010-08-01","84","62"
"USW00004808","2010-08-02","82","63"
"USW00004808","2010-08-03","87","66"
"USW00004808","2010-08-04","82","68"
"USW00004808","2010-08-05","81","62"
"USW00004808","2010-08-06","79","57"
"USW00004808","2010-08-07","82","60"
"USW00004808","2010-08-08","86","67"
"USW00004808","2010-08-09","86","72"
"USW00004808","2010-08-10","90","71"
"USW00004808","2010-08-11","87","70"
"USW00004808","2010-08-12","91","68"
"USW00004808","2010-08-13","90","70"
"USW00004808","2010-08-14","86","70"
"USW00004808","2010-08-15","81","61"
"USW00004808","2010-08-16","79","56"
"USW00004808","2010-08-17","74","59"
"USW00004808","2010-08-18","81","63"
"USW00004808","2010-08-19","86","62"
"USW00004808","2010-08-20","92","70"
"USW00004808","2010-08-21","84","70"
"USW00004808","2010-08-22","84","63"
"USW00004808","2010-08-23","82","57"
"USW00004808","2010-08-24","83","58"
"USW00004808","2010-08-25","78","54"
"USW00004808","2010-08-26","77","50"
"USW00004808","2010-08-27","84","53"
"USW00004808","2010-08-28","87","55"
"USW00004808","2010-08-29","93","62"
"USW00004808","2010-08-30","87","67"
"USW00004808","2010-08-31","92","71"
"USW00004808","2010-09-01","81","67"
"USW00004808","2010-09-02","84","64"
"USW00004808","2010-09-03","72","56"
"USW00004808","2010-09-04","68","47"
"USW00004808","2010-09-05","77","44"
"USW00004808","2010-09-06","84","62"
"USW00004808","2010-09-07","77","50"
"USW00004808","2010-09-08","72","44"
"USW00004808","2010-09-09","70","44"
"USW00004808","2010-09-10","77","50"
"USW00004808","2010-09-11","78","51"
"USW00004808","2010-09-12","84","46"
"USW00004808","2010-09-13","83","52"
"USW00004808","2010-09-14","79","48"
"USW00004808","2010-09-15","77","52"
"USW00004808","2010-09-16","69","56"
"USW00004808","2010-09-17","77","45"
"USW00004808","2010-09-18","66","56"
"USW00004808","2010-09-19","68","54"
"USW00004808","2010-09-20","81","59"
"USW00004808","2010-09-21","88","65"
"USW00004808","2010-09-22","74","60"
"USW00004808","2010-09-23","89","65"
"USW00004808","2010-09-24","79","49"
"USW00004808","2010-09-25","60","45"
"USW00004808","2010-09-26","61","41"
"USW00004808","2010-09-27","66","41"
"USW00004808","2010-09-28","72","41"
"USW00004808","2010-09-29","76","46"
"USW00004808","2010-09-30","74","43"
"USW00004808","2010-10-01","74","38"
"USW00004808","2010-10-02","56","38"
"USW00004808","2010-10-03","58","33"
"USW00004808","2010-10-04","61","31"
"USW00004808","2010-10-05","69","31"
"USW00004808","2010-10-06","79","36"
"USW00004808","2010-10-07","78","41"
"USW00004808","2010-10-08","80","37"
"USW00004808","2010-10-09","89","47"
"USW00004808","2010-10-10","85","47"
"USW00004808","2010-10-11","82","49"
"USW00004808","2010-10-12","80","47"
"USW00004808","2010-10-13","67","35"
"USW00004808","2010-10-14","68","31"
"USW00004808","2010-10-15","63","36"
"USW00004808","2010-10-16","72","32"
"USW00004808","2010-10-17","66","35"
"USW00004808","2010-10-18","62","33"
"USW00004808","2010-10-19","61","28"
"USW00004808","2010-10-20","71","36"
"USW00004808","2010-10-21","58","29"
"USW00004808","2010-10-22","66","24"
"USW00004808","2010-10-23","67","49"
"USW00004808","2010-10-24","71","55"
"USW00004808","2010-10-25","72","55"
"USW00004808","2010-10-26","70","51"
"USW00004808","2010-10-27","64","42"
"USW00004808","2010-10-28","46","36"
"USW00004808","2010-10-29","50","24"
"USW00004808","2010-10-30","64","39"
"USW00004808","2010-10-31","52","28"
"USW00004808","2010-11-01","55","26"
"USW00004808","2010-11-02","54","26"
"USW00004808","2010-11-03","56","23"
"USW00004808","2010-11-04","51","34"
"USW00004808","2010-11-05","40","17"
"USW00004808","2010-11-06","46","15"
"USW00004808","2010-11-07","59","26"
"USW00004808","2010-11-08","68","29"
"USW00004808","2010-11-09","71","34"
"USW00004808","2010-11-10","71","41"
"USW00004808","2010-11-11","63","45"
"USW00004808","2010-11-12","61","47"
"USW00004808","2010-11-13","55","36"
"USW00004808","2010-11-14","49","37"
"USW00004808","2010-11-15","51","30"
"USW00004808","2010-11-16","52","29"
"USW00004808","2010-11-17","45","28"
"USW00004808","2010-11-18","38","24"
"USW00004808","2010-11-19","51","24"
"USW00004808","2010-11-20","46","22"
"USW00004808","2010-11-21","60","42"
"USW00004808","2010-11-22","67","37"
"USW00004808","2010-11-23","37","22"
"USW00004808","2010-11-24","38","22"
"USW00004808","2010-11-25","38","21"
"USW00004808","2010-11-26","33","18"
"USW00004808","2010-11-27","34","20"
"USW00004808","2010-11-28","45","20"
"USW00004808","2010-11-29","47","33"
"USW00004808","2010-11-30","48","24"
"USW00004808","2010-12-01","25","21"
"USW00004808","2010-12-02","31","20"
"USW00004808","2010-12-03","29","12"
"USW00004808","2010-12-04","31","22"
"USW00004808","2010-12-05","24","4"
"USW00004808","2010-12-06","18","1"
"USW00004808","2010-12-07","17","-4"
"USW00004808","2010-12-08","17","-5"
"USW00004808","2010-12-09","29","-5"
"USW00004808","2010-12-10","33","18"
"USW00004808","2010-12-11","36","21"
"USW00004808","2010-12-12","29","11"
"USW00004808","2010-12-13","12","2"
"USW00004808","2010-12-14","14","-4"
"USW00004808","2010-12-15","22","-5"
"USW00004808","2010-12-16","26","14"
"USW00004808","2010-12-17","16","1"
"USW00004808","2010-12-18","17","5"
"USW00004808","2010-12-19","16","-1"
"USW00004808","2010-12-20","27","0"
"USW00004808","2010-12-21","33","22"
"USW00004808","2010-12-22","34","8"
"USW00004808","2010-12-23","25","6"
"USW00004808","2010-12-24","29","24"
"USW00004808","2010-12-25","30","15"
"USW00004808","2010-12-26","30","10"
"USW00004808","2010-12-27","19","-2"
"USW00004808","2010-12-28","24","3"
"USW00004808","2010-12-29","35","3"
"USW00004808","2010-12-30","42","35"
"USW00004808","2010-12-31","54","40"
